Nomes,1947.0,1948.0,1949.0,1950.0,1951.0,1952.0,1953.0,1954.0,1955.0,1956.0,1957.0,1958.0,1959.0,1960.0,1961.0,1962.0,1963.0,1964.0,1965.0,1966.0,1967.0,1968.0,1969.0,1970.0,1971.0,1972.0,1973.0,1974.0,1975.0,1976.0,1977.0,1978.0,1979.0,1980.0,1981.0,1982.0,1983.0,1984.0,1985.0,1986.0,1987.0,1988.0,1989.0,1990.0,1991.0,1992.0,1993.0,1994.0,1995.0,1996.0,1997.0,1998.0,1999.0,2000.0,2001.0,2002.0,2003.0,2004.0,2005.0,2006.0,2007.0,2008.0,2009.0,2010.0,2011.0,2012.0,2013.0,2014.0,2015.0,2016.0,2017.0,2018.0,2019.0,2020.0,2021.0,2022.0,2023.0,2024.0,,Start Carrer,retired year,Anos de carreira
Zola,,,,,,,,,,,,,,,,,,,,,,,,,,,,,,,,,,,,,,,,Torres,Torres,Torres,Napoli,Napoli,Napoli,Napoli,Parma,Parma,Parma,Chelsea,Chelsea,Chelsea,Chelsea,Chelsea,Chelsea,Chelsea,Cagliari,Cagliari,retired,,,,,,,,,,,,,,,,,,,,,1985,2005,20
Zinho,,,,,,,,,,,,,,,,,,,,,,,,,,,,,,,,,,,,,,,,Flamengo,Flamengo,Flamengo,Flamengo,Flamengo,Flamengo,Palmeiras,Palmeiras,Palmeiras,Yokohama Flügels,Yokohama Flügels,Palmeiras,Palmeiras,Palmeiras,Grêmio,Grêmio,Palmeiras,Cruzeiro,Flamengo,Nova Iguaçu,Miami FC,retired,,,,,,,,,,,,,,,,,,,1985,2007,22
Zidane,,,,,,,,,,,,,,,,,,,,,,,,,,,,,,,,,,,,,,,,,,Cannes,Cannes,Cannes,Cannes,Bordeaux,Bordeaux,Bordeaux,Bordeaux,Juventus,Juventus,Juventus,Juventus,Juventus,Real Madrid,Real Madrid,Real Madrid,Real Madrid,Real Madrid,retired,,,,,,,,,,,,,,,,,,,,1987,2006,19
Zico,,,,,,,,,,,,,,,,,,,,,,,,,Flamengo,Flamengo,Flamengo,Flamengo,Flamengo,Flamengo,Flamengo,Flamengo,Flamengo,Flamengo,Flamengo,Flamengo,Udinese,Udinese,Flamengo,Flamengo,Flamengo,Flamengo,Flamengo,Flamengo,Kashima Antlers,Kashima Antlers,Kashima Antlers,retired,,,,,,,,,,,,,,,,,,,,,,,,,,,,,,,,1970,1994,24
Zetti,,,,,,,,,,,,,,,,,,,,,,,,,,,,,,,,,,,,,Toledo,Palmeiras,Londrina,Palmeiras,Palmeiras,Palmeiras,Palmeiras,São Paulo,São Paulo,São Paulo,São Paulo,São Paulo,São Paulo,São Paulo,Santos,Santos,Santos,Fluminense,União Barbarense,retired,,,,,,,,,,,,,,,,,,,,,,,,1982,2002,20
Zé Roberto,,,,,,,,,,,,,,,,,,,,,,,,,,,,,,,,,,,,,,,,,,,,,,,,Portuguesa,Portuguesa,Portuguesa,Real Madrid,Bayer Leverkusen,Bayer Leverkusen,Bayer Leverkusen,Bayer Leverkusen,Bayern Munique,Bayern Munique,Bayern Munique,Bayern Munique,Santos,Bayern Munique,Bayern Munique,Hamburgo,Hamburgo,Al Gharafa,Grêmio,Grêmio,Grêmio,Palmeiras,Palmeiras,retired,,,,,,,,,1993,2017,24
Zanetti,,,,,,,,,,,,,,,,,,,,,,,,,,,,,,,,,,,,,,,,,,,,,,Talleres,Banfield,Banfield,Inter,Inter,Inter,Inter,Inter,Inter,Inter,Inter,Inter,Inter,Inter,Inter,Inter,Inter,Inter,Inter,Inter,Inter,Inter,retired,,,,,,,,,,,,1991,2014,23
Zamorano,,,,,,,,,,,,,,,,,,,,,,,,,,,,,,,,,,,,,Cobresal,Cobresal,Cobresal,Cobresal,Cobresal,St. Gallen,St. Gallen,Sevilla,Sevilla,Real Madrid,Real Madrid,Real Madrid,Real Madrid,Inter,Inter,Inter,Inter,América-MEX,América-MEX,América-MEX,Colo-Colo,retired,,,,,,,,,,,,,,,,,,,,,,1982,2004,22
Zambrotta,,,,,,,,,,,,,,,,,,,,,,,,,,,,,,,,,,,,,,,,,,,,,,,,Como,Como,Como,Bari,Bari,Juventus,Juventus,Juventus,Juventus,Juventus,Juventus,Juventus,Barcelona,Barcelona,Milan,Milan,Milan,Milan,Milan,Chiasso,retired,,,,,,,,,,,,1993,2014,21
Zagallo,,América-RJ,América-RJ,Flamengo,Flamengo,Flamengo,Flamengo,Flamengo,Flamengo,Flamengo,Flamengo,Botafogo,Botafogo,Botafogo,Botafogo,Botafogo,Botafogo,Botafogo,retired,,,,,,,,,,,,,,,,,,,,,,,,,,,,,,,,,,,,,,,,,,,,,,,,,,,,,,,,,,,,,1947,1965,18
Zabaleta,,,,,,,,,,,,,,,,,,,,,,,,,,,,,,,,,,,,,,,,,,,,,,,,,,,,,,,,San Lorenzo,San Lorenzo,San Lorenzo,Espanyol,Espanyol,Espanyol,Manchester City,Manchester City,Manchester City,Manchester City,Manchester City,Manchester City,Manchester City,Manchester City,Manchester City,West Ham,West Ham,West Ham,retired,,,,,,2001,2020,19
Yaya Toure,,,,,,,,,,,,,,,,,,,,,,,,,,,,,,,,,,,,,,,,,,,,,,,,,,,,,,,Beveren,Beveren,Metalurh Zaporizhya,Metalurh Zaporizhya,Olympiacos,Monaco,Barcelona,Barcelona,Barcelona,Manchester City,Manchester City,Manchester City,Manchester City,Manchester City,Manchester City,Manchester City,Manchester City,Olympiacos,Qingdao FC,retired,,,,,,2000,2020,20
Xavi,,,,,,,,,,,,,,,,,,,,,,,,,,,,,,,,,,,,,,,,,,,,,,,,,,,,Barcelona,Barcelona,Barcelona,Barcelona,Barcelona,Barcelona,Barcelona,Barcelona,Barcelona,Barcelona,Barcelona,Barcelona,Barcelona,Barcelona,Barcelona,Barcelona,Barcelona,Al Sadd,Al Sadd,Al Sadd,Al Sadd,retired,,,,,,,1997,2019,22
Xabi Alonso,,,,,,,,,,,,,,,,,,,,,,,,,,,,,,,,,,,,,,,,,,,,,,,,,,,,,,Eibar,Real Sociedad,Real Sociedad,Real Sociedad,Liverpool,Liverpool,Liverpool,Liverpool,Liverpool,Real Madrid,Real Madrid,Real Madrid,Real Madrid,Real Madrid,Bayern Munique,Bayern Munique,Bayern Munique,retired,,,,,,,,,1999,2017,18
William,,,,,,,,,,,,,,,,,,,,,,,,,,,,,,,,,,,,,,,,,,,,,,,,,,,,,,,,,,,,Corinthians,Shakhtar Donetsk,Shakhtar Donetsk,Shakhtar Donetsk,Shakhtar Donetsk,Shakhtar Donetsk,Anzhi,Chelsea,Chelsea,Chelsea,Chelsea,Chelsea,Chelsea,Chelsea,Arsenal,Corinthians,Fulham,Fulham,,,2007,2025,18
Weverton,,,,,,,,,,,,,,,,,,,,,,,,,,,,,,,,,,,,,,,,,,,,,,,,,,,,,,,,,,,,Remo,Remo,Radium,Oeste,Botafogo-SP,Portuguesa,Atlético-PR,Atlético-PR,Atlético-PR,Atlético-PR,Atlético-PR,Atlético-PR,Palmeiras,Palmeiras,Palmeiras,Palmeiras,Palmeiras,Palmeiras,,,2007,2025,18
Washington,,,,,,,,,,,,,,,,,,,,,,,,,,,,,,,,,,,,,,,,,,,,,,,Caxias do Sul,,,,,Ponte Preta,Paraná,Ponte Preta,Ponte Preta,Fenerbahçe,Atlético-PR,Atlético-PR,Tokyo Verdy,Urawa Red Diamonds,Urawa Red Diamonds,Fluminense,São Paulo,Fluminense,retired,,,,,,,,,,,,,,,1996,2011,15
Völler,,,,,,,,,,,,,,,,,,,,,,,,,,,,,,,,,,1860 Munich,1860 Munich,Werder Bremen,Werder Bremen,Werder Bremen,Werder Bremen,Werder Bremen,Roma,Roma,Roma,Roma,Roma,Olympique Marselha,Olympique Marselha,Bayer Leverkusen,Bayer Leverkusen,retired,,,,,,,,,,,,,,,,,,,,,,,,,,,,,,1979,1996,17
Vlahovic,,,,,,,,,,,,,,,,,,,,,,,,,,,,,,,,,,,,,,,,,,,,,,,,,,,,,,,,,,,,,,,,,,,,,,Partizan,Partizan,Fiorentina,Fiorentina,Fiorentina,Fiorentina,Juventus,Juventus,,,2017,2025,8
Vini Jr.,,,,,,,,,,,,,,,,,,,,,,,,,,,,,,,,,,,,,,,,,,,,,,,,,,,,,,,,,,,,,,,,,,,,,,,Flamengo,Real Madrid,Real Madrid,Real Madrid,Real Madrid,Real Madrid,Real Madrid,Real Madrid,,2017,2025,8
Vieira,,,,,,,,,,,,,,,,,,,,,,,,,,,,,,,,,,,,,,,,,,,,,,,Cannes,Cannes,Milan,Arsenal,Arsenal,Arsenal,Arsenal,Arsenal,Arsenal,Arsenal,Arsenal,Arsenal,Juventus,Inter,Inter,Inter,Inter,Manchester City,retired,,,,,,,,,,,,,,,1992,2011,19
Vialli,,,,,,,,,,,,,,,,,,,,,,,,,,,,,,,,,,Cremonese,Cremonese,Cremonese,Cremonese,Sampdoria,Sampdoria,Sampdoria,Sampdoria,Sampdoria,Sampdoria,Sampdoria,Sampdoria,Juventus,Juventus,Juventus,Juventus,Chelsea,Chelsea,Chelsea,retired,,,,,,,,,,,,,,,,,,,,,,,,,,,1979,1999,20
Vertonghen,,,,,,,,,,,,,,,,,,,,,,,,,,,,,,,,,,,,,,,,,,,,,,,,,,,,,,,,,,,,RKC Waalwijk,Ajax,Ajax,Ajax,Ajax,Ajax,Tottenham,Tottenham,Tottenham,Tottenham,Tottenham,Tottenham,Tottenham,Tottenham,Benfica,Benfica,Anderlecht,Anderlecht,,,2007,2025,18
Verón,,,,,,,,,,,,,,,,,,,,,,,,,,,,,,,,,,,,,,,,,,,,,,,,Estudiantes,Estudiantes,Sampdoria,Sampdoria,Parma,Lazio,Lazio,Manchester United,Manchester United,Chelsea,Inter,Inter,Estudiantes,Estudiantes,Estudiantes,Estudiantes,Estudiantes,Estudiantes,Estudiantes,Estudiantes,retired,,,,,,,,,,,,1993,2014,21
Vermaelen,,,,,,,,,,,,,,,,,,,,,,,,,,,,,,,,,,,,,,,,,,,,,,,,,,,,,,,,,Ajax,RKC Waalwijk,Ajax,Ajax,Ajax,Ajax,Arsenal,Arsenal,Arsenal,Arsenal,Arsenal,Barcelona,Barcelona,Roma,Barcelona,Barcelona,Vissel Kobe,Vissel Kobe,Vissel Kobe,retired,,,,2002,2022,20
Vavá,,,,,,Vasco,Vasco,Vasco,Vasco,Vasco,Vasco,Atlético Madrid,Atlético Madrid,Atlético Madrid,Palmeiras,Palmeiras,Palmeiras,América-MEX,América-MEX,América-MEX,retired,,,,,,,,,,,,,,,,,,,,,,,,,,,,,,,,,,,,,,,,,,,,,,,,,,,,,,,,,,,1951,1967,16
Van Persie,,,,,,,,,,,,,,,,,,,,,,,,,,,,,,,,,,,,,,,,,,,,,,,,,,,,,,,Feyenoord,Feyenoord,Feyenoord,Arsenal,Arsenal,Arsenal,Arsenal,Arsenal,Arsenal,Arsenal,Arsenal,Manchester United,Manchester United,Manchester United,Fenerbahçe,Fenerbahçe,Fenerbahçe,Feyenoord,retired,,,,,,,2000,2019,19
Van der Sar,,,,,,,,,,,,,,,,,,,,,,,,,,,,,,,,,,,,,,,,,,,,Ajax,Ajax,Ajax,Ajax,Ajax,Ajax,Ajax,Ajax,Ajax,Juventus,Juventus,Fulham,Fulham,Fulham,Fulham,Manchester United,Manchester United,Manchester United,Manchester United,Manchester United,Manchester United,retired,,,,,,,,,,,,,,,1989,2011,22
Van Basten,,,,,,,,,,,,,,,,,,,,,,,,,,,,,,,,,,,,Ajax,Ajax,Ajax,Ajax,Ajax,Milan,Milan,Milan,Milan,Milan,Milan,retired,,,,,,,,,,,,,,,,,,,,,,,,,,,,,,,,,1981,1993,12
Vampeta,,,,,,,,,,,,,,,,,,,,,,,,,,,,,,,,,,,,,,,,,,,,,,,Vitória,PSV,VVV Venlo,Fluminense,Fluminense,Corinthians,Corinthians,Inter,Flamengo,Corinthians,Corinthians,Vitória,Brasiliense,Goiás,Corinthians,Juventus Mooca,retired,,,,,,,,,,,,,,,,,1992,2009,17
Valdivia,,,,,,,,,,,,,,,,,,,,,,,,,,,,,,,,,,,,,,,,,,,,,,,,,,,,,,,,Colo-Colo,Deportes Concepción,Colo-Colo,Colo-Colo,Palmeiras,Palmeiras,Al Ain-EAU,Al Ain-EAU,Palmeiras,Palmeiras,Palmeiras,Palmeiras,Palmeiras,Al Wahda,Al Wahda,Colo-Colo,Colo-Colo,Colo-Colo,Morelia,La Calera,retired,,,,2001,2022,21
Vágner Love,,,,,,,,,,,,,,,,,,,,,,,,,,,,,,,,,,,,,,,,,,,,,,,,,,,,,,,,,Palmeiras,CSKA,CSKA,CSKA,CSKA,CSKA,Palmeiras,Flamengo,CSKA,Flamengo,Shandong Taishan,Shandong Taishan,Corinthians,Alanyaspor,Alanyaspor,Beşiktaş,Corinthians,Kairat,Kairat,Sport,Sport,,,2004,2025,21
Tostão,,,,,,,,,,,,,,,,América-MG,América-MG,Cruzeiro,Cruzeiro,Cruzeiro,Cruzeiro,Cruzeiro,Cruzeiro,Cruzeiro,Cruzeiro,Vasco,retired,,,,,,,,,,,,,,,,,,,,,,,,,,,,,,,,,,,,,,,,,,,,,,,,,,,,,1961,1973,12
Tevez,,,,,,,,,,,,,,,,,,,,,,,,,,,,,,,,,,,,,,,,,,,,,,,,,,,,,,,Boca Juniors,Boca Juniors,Boca Juniors,Boca Juniors,Corinthians,West Ham,Manchester United,Manchester United,Manchester City,Manchester City,Manchester City,Manchester City,Juventus,Juventus,Boca Juniors,Boca Juniors,Shanghai Shenhua,Boca Juniors,Boca Juniors,Boca Juniors,retired,,,,,2000,2021,21
Ter Stegen,,,,,,,,,,,,,,,,,,,,,,,,,,,,,,,,,,,,,,,,,,,,,,,,,,,,,,,,,,,,,,,,,Moenchengladbach,Moenchengladbach,Moenchengladbach,Barcelona,Barcelona,Barcelona,Barcelona,Barcelona,Barcelona,Barcelona,Barcelona,Barcelona,Barcelona,,,2012,2025,13
Tcheco,,,,,,,,,,,,,,,,,,,,,,,,,,,,,,,,,,,,,,,,,,,,,,,,,,Paraná,Paraná,Esportivo,J. Malucelli,J. Malucelli,J. Malucelli,Coritiba,Al Ittihad,Al Ittihad,Santos,Grêmio,Al Ittihad,Grêmio,Grêmio,Corinthians,Coritiba,retired,,,,,,,,,,,,,,1995,2012,17
Taffarel,,,,,,,,,,,,,,,,,,,,,,,,,,,,,,,,,,,,,,,Internacional,Internacional,Internacional,Internacional,Internacional,Parma,Parma,Parma,Reggiana,Reggiana,Atlético-MG,Atlético-MG,Atlético-MG,Galatasaray,Galatasaray,Galatasaray,Parma,Parma,retired,,,,,,,,,,,,,,,,,,,,,,,1984,2003,19
Szczesny,,,,,,,,,,,,,,,,,,,,,,,,,,,,,,,,,,,,,,,,,,,,,,,,,,,,,,,,,,,,,,Arsenal,Brentford,Arsenal,Arsenal,Arsenal,Arsenal,Arsenal,Roma,Roma,Juventus,Juventus,Juventus,Juventus,Juventus,Juventus,Juventus,,,2009,2025,16
Stojanović,,,,,,,,,,,,,,,,,,,,,,,,,,,,,,,,,,,,Estrela Vermelha,Estrela Vermelha,Estrela Vermelha,Estrela Vermelha,Estrela Vermelha,Estrela Vermelha,Estrela Vermelha,Estrela Vermelha,Estrela Vermelha,Royal Antwerp,Royal Antwerp,Royal Antwerp,Royal Antwerp,Royal Antwerp,Royal Antwerp,retired,,,,,,,,,,,,,,,,,,,,,,,,,,,,,1981,1997,16
Stoichkov,,,,,,,,,,,,,,,,,,,,,,,,,,,,,,,,,,,,,,CSKA Sofia,CSKA Sofia,CSKA Sofia,CSKA Sofia,CSKA Sofia,CSKA Sofia,Barcelona,Barcelona,Barcelona,Barcelona,Barcelona,Parma,Barcelona,Barcelona,CSKA Sofia,Kashiwa Reysol,Chicago Fire,Chicago Fire,Chicago Fire,DC United,retired,,,,,,,,,,,,,,,,,,,,,,1983,2004,21
Stankovic,,,,,,,,,,,,,,,,,,,,,,,,,,,,,,,,,,,,,,,,,,,,,,,,,Estrela Vermelha,Estrela Vermelha,Estrela Vermelha,Lazio,Lazio,Lazio,Lazio,Lazio,Lazio,Inter,Inter,Inter,Inter,Inter,Inter,Inter,Inter,Inter,retired,,,,,,,,,,,,,1994,2013,19
Son,,,,,,,,,,,,,,,,,,,,,,,,,,,,,,,,,,,,,,,,,,,,,,,,,,,,,,,,,,,,,,,,Hamburgo,Hamburgo,Hamburgo,Bayer Leverkusen,Bayer Leverkusen,Tottenham,Tottenham,Tottenham,Tottenham,Tottenham,Tottenham,Tottenham,Tottenham,Tottenham,,,2011,2025,14
Sokratis,,,,,,,,,,,,,,,,,,,,,,,,,,,,,,,,,,,,,,,,,,,,,,,,,,,,,,,,,,,AEK,AEK,AEK,Genoa,Genoa,Milan,Werder Bremen,Werder Bremen,Borussia Dortmund,Borussia Dortmund,Borussia Dortmund,Borussia Dortmund,Borussia Dortmund,Arsenal,Arsenal,Arsenal,Olympiacos,Olympiacos,Olympiacos,,,2006,2025,19
Socrates,,,,,,,,,,,,,,,,,,,,,,,,,,Botafogo-SP,Botafogo-SP,Botafogo-SP,Botafogo-SP,Botafogo-SP,Botafogo-SP,Corinthians,Corinthians,Corinthians,Corinthians,Corinthians,Corinthians,Fiorentina,Flamengo,Flamengo,Flamengo,Santos,Botafogo-SP,retired,,,,,,,,,,,,,,,,,,,,,,,,,,,,,,,,,,,,1971,1990,19
Sneijder,,,,,,,,,,,,,,,,,,,,,,,,,,,,,,,,,,,,,,,,,,,,,,,,,,,,,,,,Ajax,Ajax,Ajax,Ajax,Ajax,Real Madrid,Real Madrid,Inter,Inter,Inter,Inter,Galatasaray,Galatasaray,Galatasaray,Galatasaray,Nice,Al Gharafa,retired,,,,,,,2001,2019,18
Shevchenko,,,,,,,,,,,,,,,,,,,,,,,,,,,,,,,,,,,,,,,,,,,,,,,,,,Dinamo Kiev,Dinamo Kiev,Dinamo Kiev,Milan,Milan,Milan,Milan,Milan,Milan,Milan,Chelsea,Chelsea,Milan,Dinamo Kiev,Dinamo Kiev,Dinamo Kiev,retired,,,,,,,,,,,,,,1995,2012,17
Sepp Maier,,,,,,,,,,,,,,,,,,,Bayern Munique,Bayern Munique,Bayern Munique,Bayern Munique,Bayern Munique,Bayern Munique,Bayern Munique,Bayern Munique,Bayern Munique,Bayern Munique,Bayern Munique,Bayern Munique,Bayern Munique,Bayern Munique,retired,,,,,,,,,,,,,,,,,,,,,,,,,,,,,,,,,,,,,,,,,,,,,,,1964,1979,15
Seedorf,,,,,,,,,,,,,,,,,,,,,,,,,,,,,,,,,,,,,,,,,,,,,,Ajax,Ajax,Ajax,Sampdoria,Real Madrid,Real Madrid,Real Madrid,Inter,Inter,Inter,Milan,Milan,Milan,Milan,Milan,Milan,Milan,Milan,Milan,Milan,Botafogo,retired,,,,,,,,,,,,,1991,2013,22
Scirea,,,,,,,,,,,,,,,,,,,,,,,,,,Atalanta,Atalanta,Juventus,Juventus,Juventus,Juventus,Juventus,Juventus,Juventus,Juventus,Juventus,Juventus,Juventus,Juventus,Juventus,Juventus,retired,,,,,,,,,,,,,,,,,,,,,,,,,,,,,,,,,,,,,,1971,1988,17
Schuster,,,,,,,,,,,,,,,,,,,,,,,,,,,,,,,,Colonia,Colonia,Barcelona,Barcelona,Barcelona,Barcelona,Barcelona,Barcelona,Barcelona,Barcelona,Real Madrid,Real Madrid,Atlético Madrid,Atlético Madrid,Atlético Madrid,Bayer Leverkusen,Bayer Leverkusen,Bayer Leverkusen,Pumas,retired,,,,,,,,,,,,,,,,,,,,,,,,,,,,,1977,1997,20
Schmelzer,,,,,,,,,,,,,,,,,,,,,,,,,,,,,,,,,,,,,,,,,,,,,,,,,,,,,,,,,,,,,,Borussia Dortmund,Borussia Dortmund,Borussia Dortmund,Borussia Dortmund,Borussia Dortmund,Borussia Dortmund,Borussia Dortmund,Borussia Dortmund,Borussia Dortmund,Borussia Dortmund,Borussia Dortmund,Borussia Dortmund,Borussia Dortmund,Borussia Dortmund,retired,,,,2007,2022,15
Schelotto,,,,,,,,,,,,,,,,,,,,,,,,,,,,,,,,,,,,,,,,,,,,,Gimnasia y Esgrima,Gimnasia y Esgrima,Gimnasia y Esgrima,Gimnasia y Esgrima,Gimnasia y Esgrima,Gimnasia y Esgrima,Boca Juniors,Boca Juniors,Boca Juniors,Boca Juniors,Boca Juniors,Boca Juniors,Boca Juniors,Boca Juniors,Boca Juniors,Boca Juniors,Columbus Crew,Columbus Crew,Columbus Crew,Columbus Crew,Gimnasia y Esgrima,retired,,,,,,,,,,,,,,1990,2012,22
Savio,,,,,,,,,,,,,,,,,,,,,,,,,,,,,,,,,,,,,,,,,,,,,,Flamengo,Flamengo,Flamengo,Flamengo,Flamengo,Flamengo,Real Madrid,Real Madrid,Real Madrid,Real Madrid,Bordeaux,Real Zaragoza,Real Zaragoza,Real Zaragoza,Flamengo,Real Sociedad,Desportiva,Anorthosis Famagusta,Avaí,retired,,,,,,,,,,,,,,,1991,2011,20
Santillana,,,,,,,,,,,,,,,,,,,,,,,,Racing Santander,Real Madrid,Real Madrid,Real Madrid,Real Madrid,Real Madrid,Real Madrid,Real Madrid,Real Madrid,Real Madrid,Real Madrid,Real Madrid,Real Madrid,Real Madrid,Real Madrid,Real Madrid,Real Madrid,Real Madrid,retired,,,,,,,,,,,,,,,,,,,,,,,,,,,,,,,,,,,,,,1969,1988,19
Sammy Lee,,,,,,,,,,,,,,,,,,,,,,,,,,,,,,Liverpool,Liverpool,Liverpool,Liverpool,Liverpool,Liverpool,Liverpool,Liverpool,Liverpool,Liverpool,QPR,Osasuna,Osasuna,Southampton,Bolton,retired,,,,,,,,,,,,,,,,,,,,,,,,,,,,,,,,,,,1975,1991,16
Salas,,,,,,,,,,,,,,,,,,,,,,,,,,,,,,,,,,,,,,,,,,,,,,,LaU,LaU,LaU,River Plate,River Plate,Lazio,Lazio,Lazio,Juventus,Juventus,River Plate,River Plate,LaU,LaU,LaU,retired,,,,,,,,,,,,,,,,,,1992,2008,16
Salah,,,,,,,,,,,,,,,,,,,,,,,,,,,,,,,,,,,,,,,,,,,,,,,,,,,,,,,,,,,,,,,,Al Mokawloon Al Arab,Al Mokawloon Al Arab,Basel,Basel,Chelsea,Roma,Roma,Liverpool,Liverpool,Liverpool,Liverpool,Liverpool,Liverpool,Liverpool,,,2011,2025,14
Ruud Gullit,,,,,,,,,,,,,,,,,,,,,,,,,,,,,,,,,HFC Haarlem,HFC Haarlem,HFC Haarlem,Feyenoord,Feyenoord,Feyenoord,PSV,PSV,Milan,Milan,Milan,Milan,Milan,Milan,Sampdoria,Milan,Chelsea,Chelsea,Chelsea,retired,,,,,,,,,,,,,,,,,,,,,,,,,,,,1978,1998,20
Rummenigge,,,,,,,,,,,,,,,,,,,,,,,,,,,,Bayern Munique,Bayern Munique,Bayern Munique,Bayern Munique,Bayern Munique,Bayern Munique,Bayern Munique,Bayern Munique,Bayern Munique,Bayern Munique,Inter,Inter,Inter,Servette,Servette,retired,,,,,,,,,,,,,,,,,,,,,,,,,,,,,,,,,,,,,1973,1989,16
Rúben Dias,,,,,,,,,,,,,,,,,,,,,,,,,,,,,,,,,,,,,,,,,,,,,,,,,,,,,,,,,,,,,,,,,,,,,,,Benfica,Benfica,Benfica,Manchester City,Manchester City,Manchester City,Manchester City,,,2018,2025,7
Rooney,,,,,,,,,,,,,,,,,,,,,,,,,,,,,,,,,,,,,,,,,,,,,,,,,,,,,,,,Everton,Everton,Manchester United,Manchester United,Manchester United,Manchester United,Manchester United,Manchester United,Manchester United,Manchester United,Manchester United,Manchester United,Manchester United,Manchester United,Manchester United,Everton,DC United,DC United,Derby County,retired,,,,,2001,2021,20
Rony,,,,,,,,,,,,,,,,,,,,,,,,,,,,,,,,,,,,,,,,,,,,,,,,,,,,,,,,,,,,,,,,,,,,Remo,Remo,Naútico,Albirex Niigata,Atlético-PR,Atlético-PR,Palmeiras,Palmeiras,Palmeiras,Palmeiras,,,2015,2025,10
Ronaldo,,,,,,,,,,,,,,,,,,,,,,,,,,,,,,,,,,,,,,,,,,,,,,,Cruzeiro,PSV,PSV,Barcelona,Inter,Inter,Inter,Inter,Inter,Real Madrid,Real Madrid,Real Madrid,Real Madrid,Real Madrid,Milan,Milan,Corinthians,Corinthians,retired,,,,,,,,,,,,,,,1992,2011,19
Romario,,,,,,,,,,,,,,,,,,,,,,,,,,,,,,,,,,,,,,,Vasco,Vasco,Vasco,PSV,PSV,PSV,PSV,PSV,Barcelona,Barcelona,Flamengo,Valencia,Valencia,Flamengo,Flamengo,Vasco,Vasco,Fluminense,Fluminense,Fluminense,Vasco,Miami Fusion,retired,,,,,,,,,,,,,,,,,,,1984,2007,23
Rodrygo,,,,,,,,,,,,,,,,,,,,,,,,,,,,,,,,,,,,,,,,,,,,,,,,,,,,,,,,,,,,,,,,,,,,,,,Santos,Santos,Real Madrid,Real Madrid,Real Madrid,Real Madrid,Real Madrid,,,2018,2025,7
Robinho,,,,,,,,,,,,,,,,,,,,,,,,,,,,,,,,,,,,,,,,,,,,,,,,,,,,,,,,Santos,Santos,Santos,Real Madrid,Real Madrid,Real Madrid,Manchester City,Manchester City,Santos,Milan,Milan,Milan,Santos,Guangzhou,Atlético-MG,Atlético-MG,Sivasspor,Instanbul Basaksehir,retired,,,,,,2001,2020,19
Roberto Firmino,,,,,,,,,,,,,,,,,,,,,,,,,,,,,,,,,,,,,,,,,,,,,,,,,,,,,,,,,,,,,,,,Figueirense,Hoffenheim,Hoffenheim,Hoffenheim,Hoffenheim,Liverpool,Liverpool,Liverpool,Liverpool,Liverpool,Liverpool,Liverpool,Liverpool,Al Ahli,,,2011,2025,14
Robben,,,,,,,,,,,,,,,,,,,,,,,,,,,,,,,,,,,,,,,,,,,,,,,,,,,,,,Groningen,Groningen,PSV,PSV,Chelsea,Chelsea,Chelsea,Real Madrid,Real Madrid,Bayern Munique,Bayern Munique,Bayern Munique,Bayern Munique,Bayern Munique,Bayern Munique,Bayern Munique,Bayern Munique,Bayern Munique,Bayern Munique,Bayern Munique,Groningen,retired,,,,,1999,2021,22
Rivellino,,,,,,,,,,,,,,,,,,,Corinthians,Corinthians,Corinthians,Corinthians,Corinthians,Corinthians,Corinthians,Corinthians,Corinthians,Corinthians,Fluminense,Fluminense,Fluminense,Fluminense,Al Hilal,Al Hilal,retired,,,,,,,,,,,,,,,,,,,,,,,,,,,,,,,,,,,,,,,,,,,,,1964,1981,17
Rivaldo,,,,,,,,,,,,,,,,,,,,,,,,,,,,,,,,,,,,,,,,,,,,Santa Cruz,Santa Cruz,Mogi Mirim,Corinthians,Palmeiras,Palmeiras,La Coruna,Barcelona,Barcelona,Barcelona,Barcelona,Barcelona,Milan,Milan,Cruzeiro,Olympiacos,Olympiacos,AEK,Bunyodkor,Bunyodkor,Bunyodkor,São Paulo,Kabuscorp,São Caetano,Mogi Mirim,retired,,,,,,,,,,,1989,2015,26
Riquelme,,,,,,,,,,,,,,,,,,,,,,,,,,,,,,,,,,,,,,,,,,,,,,,,,,Boca Juniors,Boca Juniors,Boca Juniors,Boca Juniors,Boca Juniors,Boca Juniors,Barcelona,Villarreal,Villarreal,Villarreal,Villarreal,Boca Juniors,Boca Juniors,Boca Juniors,Boca Juniors,Boca Juniors,Boca Juniors,Boca Juniors,Argentinos Juniors,retired,,,,,,,,,,,1995,2015,20
Rijkaard,,,,,,,,,,,,,,,,,,,,,,,,,,,,,,,,,,Ajax,Ajax,Ajax,Ajax,Ajax,Ajax,Ajax,Real Zaragoza,Milan,Milan,Milan,Milan,Milan,Ajax,Ajax,retired,,,,,,,,,,,,,,,,,,,,,,,,,,,,,,,1979,1995,16
Richarlison,,,,,,,,,,,,,,,,,,,,,,,,,,,,,,,,,,,,,,,,,,,,,,,,,,,,,,,,,,,,,,,,,,,,,América-MG,Fluminense,Watford,Everton,Everton,Everton,Everton,Tottenham,Tottenham,,,2016,2025,9
Reus,,,,,,,,,,,,,,,,,,,,,,,,,,,,,,,,,,,,,,,,,,,,,,,,,,,,,,,,,,,,,,,Moenchengladbach,Moenchengladbach,Moenchengladbach,Borussia Dortmund,Borussia Dortmund,Borussia Dortmund,Borussia Dortmund,Borussia Dortmund,Borussia Dortmund,Borussia Dortmund,Borussia Dortmund,Borussia Dortmund,Borussia Dortmund,Borussia Dortmund,Borussia Dortmund,,,2010,2025,15
Redondo,,,,,,,,,,,,,,,,,,,,,,,,,,,,,,,,,,,,,,,Argentinos Juniors,Argentinos Juniors,Argentinos Juniors,Argentinos Juniors,Argentinos Juniors,Tenerife,Tenerife,Tenerife,Tenerife,Real Madrid,Real Madrid,Real Madrid,Real Madrid,Real Madrid,Real Madrid,Milan,Milan,Milan,Milan,retired,,,,,,,,,,,,,,,,,,,,,,1984,2004,20
Raúl,,,,,,,,,,,,,,,,,,,,,,,,,,,,,,,,,,,,,,,,,,,,,,,,Real Madrid,Real Madrid,Real Madrid,Real Madrid,Real Madrid,Real Madrid,Real Madrid,Real Madrid,Real Madrid,Real Madrid,Real Madrid,Real Madrid,Real Madrid,Real Madrid,Real Madrid,Real Madrid,Schalke-04,Schalke-04,Al Sadd,Al Sadd,NY Cosmos,retired,,,,,,,,,,,1993,2015,22
Raí,,,,,,,,,,,,,,,,,,,,,,,,,,,,,,,,,,,,,,Botafogo-SP,Botafogo-SP,Ponte Preta,São Paulo,São Paulo,São Paulo,São Paulo,São Paulo,São Paulo,PSG,PSG,PSG,PSG,PSG,São Paulo,São Paulo,retired,,,,,,,,,,,,,,,,,,,,,,,,,,1983,2000,17
Rafa Silva,,,,,,,,,,,,,,,,,,,,,,,,,,,,,,,,,,,,,,,,,,,,,,,,,,,,,,,,,,,,,,,,,,Feirense,Braga,Braga,Braga,Benfica,Benfica,Benfica,Benfica,Benfica,Benfica,Benfica,Benfica,,,2013,2025,12
Rabiot,,,,,,,,,,,,,,,,,,,,,,,,,,,,,,,,,,,,,,,,,,,,,,,,,,,,,,,,,,,,,,,,,,PSG,PSG,PSG,PSG,PSG,PSG,PSG,Juventus,Juventus,Juventus,Juventus,Juventus,,,2013,2025,12
Quaresma,,,,,,,,,,,,,,,,,,,,,,,,,,,,,,,,,,,,,,,,,,,,,,,,,,,,,,,Sporting,Sporting,Barcelona,Porto,Porto,Porto,Porto,Inter,Chelsea,Beşiktaş,Beşiktaş,Beşiktaş,Al Ahli,Porto,Beşiktaş,Beşiktaş,Beşiktaş,Beşiktaş,Kasımpaşa,Vitória Guimarães,Vitória Guimarães,retired,,,,2000,2022,22
Puyol,,,,,,,,,,,,,,,,,,,,,,,,,,,,,,,,,,,,,,,,,,,,,,,,,,,Barcelona B,Barcelona B,Barcelona,Barcelona,Barcelona,Barcelona,Barcelona,Barcelona,Barcelona,Barcelona,Barcelona,Barcelona,Barcelona,Barcelona,Barcelona,Barcelona,Barcelona,retired,,,,,,,,,,,,1996,2014,18
Pogba,,,,,,,,,,,,,,,,,,,,,,,,,,,,,,,,,,,,,,,,,,,,,,,,,,,,,,,,,,,,,,,,,Manchester United,Juventus,Juventus,Juventus,Juventus,Manchester United,Manchester United,Manchester United,Manchester United,Manchester United,Manchester United,Juventus,Juventus,,,2012,2025,13
Podolski,,,,,,,,,,,,,,,,,,,,,,,,,,,,,,,,,,,,,,,,,,,,,,,,,,,,,,,,,Colonia,Colonia,Colonia,Bayern Munique,Bayern Munique,Bayern Munique,Colonia,Colonia,Colonia,Arsenal,Arsenal,Arsenal,Inter,Galatasaray,Vissel Kobe,Vissel Kobe,Antalyaspor,Antalyaspor,Górnik Zabrze,Górnik Zabrze,Górnik Zabrze,,,2004,2025,21
Platini,,,,,,,,,,,,,,,,,,,,,,,,,,Nancy,Nancy,Nancy,Nancy,Nancy,Nancy,Nancy,Saint-Etienne,Saint-Etienne,Saint-Etienne,Juventus,Juventus,Juventus,Juventus,Juventus,retired,,,,,,,,,,,,,,,,,,,,,,,,,,,,,,,,,,,,,,,1971,1987,16
Pizzi,,,,,,,,,,,,,,,,,,,,,,,,,,,,,,,,,,,,,,,,,,,,,,,,,,,,,,,,,,,,,,,Covilhã,Paços de Ferreira,Atlético Madrid,La Coruna,Espanyol,Benfica,Benfica,Benfica,Benfica,Benfica,Benfica,Benfica,Benfica,Instanbul Basaksehir,Al Wahda,,,2010,2025,15
Pirlo,,,,,,,,,,,,,,,,,,,,,,,,,,,,,,,,,,,,,,,,,,,,,,,,,Brescia,Brescia,Brescia,Inter,Reggina,Inter,Milan,Milan,Milan,Milan,Milan,Milan,Milan,Milan,Milan,Milan,Juventus,Juventus,Juventus,Juventus,NY City,NY City,retired,,,,,,,,,1994,2017,23
Piqué,,,,,,,,,,,,,,,,,,,,,,,,,,,,,,,,,,,,,,,,,,,,,,,,,,,,,,,,,,Manchester United,Manchester United,Real Zaragoza,Manchester United,Barcelona,Barcelona,Barcelona,Barcelona,Barcelona,Barcelona,Barcelona,Barcelona,Barcelona,Barcelona,Barcelona,Barcelona,Barcelona,Barcelona,retired,,,,2003,2022,19
Piazza,,,,,,,,,,,,,,,,,Cruzeiro,Cruzeiro,Cruzeiro,Cruzeiro,Cruzeiro,Cruzeiro,Cruzeiro,Cruzeiro,Cruzeiro,Cruzeiro,Cruzeiro,Cruzeiro,Cruzeiro,Cruzeiro,Cruzeiro,retired,,,,,,,,,,,,,,,,,,,,,,,,,,,,,,,,,,,,,,,,,,,,,,,,1962,1978,16
Petr Cech,,,,,,,,,,,,,,,,,,,,,,,,,,,,,,,,,,,,,,,,,,,,,,,,,,,,,,,Sparta Praga,Rennes,Rennes,Chelsea,Chelsea,Chelsea,Chelsea,Chelsea,Chelsea,Chelsea,Chelsea,Chelsea,Chelsea,Chelsea,Arsenal,Arsenal,Arsenal,Arsenal,retired,,,,,,,2000,2019,19
Petkovic,,,,,,,,,,,,,,,,,,,,,,,,,,,,,,,,,,,,,,,,,,Radnički Niš,Radnički Niš,Radnički Niš,Radnički Niš,Estrela Vermelha,Estrela Vermelha,Estrela Vermelha,Real Madrid,Sevilla,Vitória,Vitória,Venezia FC,Flamengo,Flamengo,Vasco,Shanghai Shenhua,Vasco,Fluminense,Fluminense,Santos,Atlético-MG,Flamengo,Flamengo,retired,,,,,,,,,,,,,,,1987,2011,24
Peruzzi,,,,,,,,,,,,,,,,,,,,,,,,,,,,,,,,,,,,,,,,,Roma,Roma,Hellas Verona,Roma,Juventus,Juventus,Juventus,Juventus,Juventus,Juventus,Juventus,Juventus,Inter,Lazio,Lazio,Lazio,Lazio,Lazio,Lazio,Lazio,retired,,,,,,,,,,,,,,,,,,,1986,2007,21
Pepe,,,,,,,,,,,,,,,,,,,,,,,,,,,,,,,,,,,,,,,,,,,,,,,,,,,,,,,,Marítimo,Marítimo,Porto,Porto,Porto,Real Madrid,Real Madrid,Real Madrid,Real Madrid,Real Madrid,Real Madrid,Real Madrid,Real Madrid,Real Madrid,Real Madrid,Beşiktaş,Beşiktaş,Porto,Porto,Porto,Porto,Porto,,,2003,2025,22
Pelé,,,,,,,,,,Santos,Santos,Santos,Santos,Santos,Santos,Santos,Santos,Santos,Santos,Santos,Santos,Santos,Santos,Santos,Santos,Santos,Santos,Santos,NY Cosmos,NY Cosmos,retired,,,,,,,,,,,,,,,,,,,,,,,,,,,,,,,,,,,,,,,,,,,,,,,,,1955,1977,22
Pedrinho,,,,,,,,,,,,,,,,,,,,,,,,,,,,,,,,,,,,,,,,,,,,,,,,,Vasco,Vasco,Vasco,Vasco,Vasco,Vasco,Palmeiras,Palmeiras,Palmeiras,Palmeiras,Al Ittihad,Fluminense,Santos,Vasco,Figueirense,retired,,,,,,,,,,,,,,,,1994,2010,16
Paulo Sousa,,,,,,,,,,,,,,,,,,,,,,,,,,,,,,,,,,,,,,,,,,,Benfica,Benfica,Benfica,Benfica,Sporting,Juventus,Juventus,Borussia Dortmund,Borussia Dortmund,Inter,Inter,Panathinaikos,Radium,Espanyol,retired,,,,,,,,,,,,,,,,,,,,,,,1988,2003,15
Passarela,,,,,,,,,,,,,,,,,,,,,,,,,Sarmiento,Sarmiento,Sarmiento,River Plate,River Plate,River Plate,River Plate,River Plate,River Plate,River Plate,River Plate,Fiorentina,Fiorentina,Fiorentina,Fiorentina,Inter,Inter,River Plate,retired,,,,,,,,,,,,,,,,,,,,,,,,,,,,,,,,,,,,,1970,1989,19
Paredes,,,,,,,,,,,,,,,,,,,,,,,,,,,,,,,,,,,,,,,,,,,,,,,,,,,,,,,,,,,,,,,,,,Boca Juniors,Boca Juniors,Roma,Empoli,Roma,Zenit,Zenit,PSG,PSG,PSG,Juventus,Roma,,,2013,2025,12
Papu Goméz,,,,,,,,,,,,,,,,,,,,,,,,,,,,,,,,,,,,,,,,,,,,,,,,,,,,,,,,,,,Arsenal Sarandí,Arsenal Sarandí,Arsenal Sarandí,Arsenal Sarandí,San Lorenzo,Catania,Catania,Catania,Metalist Kharkiv,Atalanta,Atalanta,Atalanta,Atalanta,Atalanta,Atalanta,Atalanta,Sevilla,Sevilla,Monza,,,2006,2025,19
Paolo Rossi,,,,,,,,,,,,,,,,,,,,,,,,,,,,,Como,Vicenza,Vicenza,Vicenza,Perugia,Vicenza,Juventus,Juventus,Juventus,Juventus,Milan,Hellas Verona,retired,,,,,,,,,,,,,,,,,,,,,,,,,,,,,,,,,,,,,,,1974,1987,13
Panucci,,,,,,,,,,,,,,,,,,,,,,,,,,,,,,,,,,,,,,,,,,,,Genoa,Genoa,Genoa,Milan,Milan,Milan,Real Madrid,Real Madrid,Real Madrid,Inter,Chelsea,Monaco,Roma,Roma,Roma,Roma,Roma,Roma,Roma,Parma,retired,,,,,,,,,,,,,,,,1989,2010,21
Palermo,,,,,,,,,,,,,,,,,,,,,,,,,,,,,,,,,,,,,,,,,,,,,,Estudiantes,Estudiantes,Estudiantes,Estudiantes,Estudiantes,Boca Juniors,Boca Juniors,Boca Juniors,Boca Juniors,Villarreal,Villarreal,Real Betis,Boca Juniors,Boca Juniors,Boca Juniors,Boca Juniors,Boca Juniors,Boca Juniors,Boca Juniors,retired,,,,,,,,,,,,,,,1991,2011,20
Pagliuca,,,,,,,,,,,,,,,,,,,,,,,,,,,,,,,,,,,,,,,,,Sampdoria,Sampdoria,Sampdoria,Sampdoria,Sampdoria,Sampdoria,Sampdoria,Inter,Inter,Inter,Inter,Inter,Bologna,Bologna,Bologna,Bologna,Bologna,Bologna,Bologna,Ascoli,retired,,,,,,,,,,,,,,,,,,,1986,2007,21
Owen,,,,,,,,,,,,,,,,,,,,,,,,,,,,,,,,,,,,,,,,,,,,,,,,,,Liverpool,Liverpool,Liverpool,Liverpool,Liverpool,Liverpool,Liverpool,Liverpool,Real Madrid,Newcastle,Newcastle,Newcastle,Newcastle,Manchester United,Manchester United,Manchester United,Stoke City,retired,,,,,,,,,,,,,1995,2013,18
Overmars,,,,,,,,,,,,,,,,,,,,,,,,,,,,,,,,,,,,,,,,,,,,Go Ahead Eagles,Willem II,Ajax,Ajax,Ajax,Ajax,Ajax,Arsenal,Arsenal,Arsenal,Barcelona,Barcelona,Barcelona,Barcelona,retired,,,,,,,,,,,,,,,,,,,,,,1989,2004,15
Osimhen,,,,,,,,,,,,,,,,,,,,,,,,,,,,,,,,,,,,,,,,,,,,,,,,,,,,,,,,,,,,,,,,,,,,,,,Wolfsburg,Charleroi,Lille,Napoli,Napoli,Napoli,Napoli,,,2018,2025,7
Oscar,,,,,,,,,,,,,,,,,,,,,,,,,,,,,,,,,,,,,,,,,,,,,,,,,,,,,,,,,,,,,,São Paulo,São Paulo,Internacional,Internacional,Chelsea,Chelsea,Chelsea,Chelsea,Chelsea,Shanghai Port,Shanghai Port,Shanghai Port,Shanghai Port,Shanghai Port,Shanghai Port,Shanghai Port,,,2009,2025,16
Oliver Kahn,,,,,,,,,,,,,,,,,,,,,,,,,,,,,,,,,,,,,,,,,Karlsruher,Karlsruher,Karlsruher,Karlsruher,Karlsruher,Karlsruher,Karlsruher,Bayern Munique,Bayern Munique,Bayern Munique,Bayern Munique,Bayern Munique,Bayern Munique,Bayern Munique,Bayern Munique,Bayern Munique,Bayern Munique,Bayern Munique,Bayern Munique,Bayern Munique,Bayern Munique,retired,,,,,,,,,,,,,,,,,,1986,2008,22
Okocha,,,,,,,,,,,,,,,,,,,,,,,,,,,,,,,,,,,,,,,,,,,,,Neunkirchen,Eintracht Frankfurt,Eintracht Frankfurt,Eintracht Frankfurt,Eintracht Frankfurt,Fenerbahçe,Fenerbahçe,PSG,PSG,PSG,PSG,Bolton,Bolton,Bolton,Bolton,Qatar Sports Club,Hull City,retired,,,,,,,,,,,,,,,,,,1990,2008,18
Ochoa,,,,,,,,,,,,,,,,,,,,,,,,,,,,,,,,,,,,,,,,,,,,,,,,,,,,,,,,,,América-MEX,América-MEX,América-MEX,América-MEX,América-MEX,América-MEX,América-MEX,Ajaccio,Ajaccio,Ajaccio,Málaga,Málaga,Granada,Standard Liege,Standard Liege,América-MEX,América-MEX,América-MEX,América-MEX,Salernitana,,,2005,2025,20
Oblak,,,,,,,,,,,,,,,,,,,,,,,,,,,,,,,,,,,,,,,,,,,,,,,,,,,,,,,,,,,,,,,Olimpia Ljubljana,Benfica,União de Leiria,Rio Ave,Benfica,Atlético Madrid,Atlético Madrid,Atlético Madrid,Atlético Madrid,Atlético Madrid,Atlético Madrid,Atlético Madrid,Atlético Madrid,Atlético Madrid,Atlético Madrid,,,2010,2025,15
Nkunku,,,,,,,,,,,,,,,,,,,,,,,,,,,,,,,,,,,,,,,,,,,,,,,,,,,,,,,,,,,,,,,,,,,,,,PSG,PSG,PSG,RB Leipzig,RB Leipzig,RB Leipzig,RB Leipzig,Chelsea,,,2017,2025,8
Neymar,,,,,,,,,,,,,,,,,,,,,,,,,,,,,,,,,,,,,,,,,,,,,,,,,,,,,,,,,,,,,,,Santos,Santos,Santos,Santos,Santos,Barcelona,Barcelona,Barcelona,Barcelona,PSG,PSG,PSG,PSG,PSG,Al Hilal,,,2010,2025,15
Neuer,,,,,,,,,,,,,,,,,,,,,,,,,,,,,,,,,,,,,,,,,,,,,,,,,,,,,,,,,,,,Schalke-04,Schalke-05,Schalke-06,Schalke-07,Schalke-08,Bayern Munique,Bayern Munique,Bayern Munique,Bayern Munique,Bayern Munique,Bayern Munique,Bayern Munique,Bayern Munique,Bayern Munique,Bayern Munique,Bayern Munique,Bayern Munique,Bayern Munique,,,2007,2025,18
Neto,,,,,,,,,,,,,,,,,,,,,,,,,,,,,,,,,,,,,,Guarani,Guarani,Bangu,São Paulo,Palmeiras,Corinthians,Corinthians,Corinthians,Corinthians,Atlético-MG,Santos,Guarani,Corinthians,Corinthians,Paulista Jundiaí,retired,,,,,,,,,,,,,,,,,,,,,,,,,,,1983,1999,16
Nesta,,,,,,,,,,,,,,,,,,,,,,,,,,,,,,,,,,,,,,,,,,,,,,,Lazio,Lazio,Lazio,Lazio,Lazio,Lazio,Lazio,Lazio,Lazio,Milan,Milan,Milan,Milan,Milan,Milan,Milan,Milan,Milan,Milan,Montreal Impact,Montreal Impact,Chennaiyin,retired,,,,,,,,,,,1992,2015,23
Neeskens,,,,,,,,,,,,,,,,,,,,,,,,Ajax,Ajax,Ajax,Ajax,Barcelona,Barcelona,Barcelona,Barcelona,Barcelona,NY Cosmos,NY Cosmos,NY Cosmos,NY Cosmos,NY Cosmos,Groningen,retired,,,,,,,,,,,,,,,,,,,,,,,,,,,,,,,,,,,,,,,,,1969,1985,16
Nedved,,,,,,,,,,,,,,,,,,,,,,,,,,,,,,,,,,,,,,,,,,,,,Dukla Praha,Sparta Praga,Sparta Praga,Sparta Praga,Sparta Praga,Lazio,Lazio,Lazio,Lazio,Lazio,Juventus,Juventus,Juventus,Juventus,Juventus,Juventus,Juventus,Juventus,retired,,,,,,,,,,,,,,,,,1990,2009,19
Modric,,,,,,,,,,,,,,,,,,,,,,,,,,,,,,,,,,,,,,,,,,,,,,,,,,,,,,,,,Dinamo Zagreb,HSK Zrinjski,Dinamo Zagreb,Dinamo Zagreb,Dinamo Zagreb,Tottenham,Tottenham,Tottenham,Tottenham,Real Madrid,Real Madrid,Real Madrid,Real Madrid,Real Madrid,Real Madrid,Real Madrid,Real Madrid,Real Madrid,Real Madrid,Real Madrid,Real Madrid,,,2004,2025,21
Miranda,,,,,,,,,,,,,,,,,,,,,,,,,,,,,,,,,,,,,,,,,,,,,,,,,,,,,,,,,,Coritiba,Sochaux,São Paulo,São Paulo,São Paulo,São Paulo,São Paulo,Atlético Madrid,Atlético Madrid,Atlético Madrid,Atlético Madrid,Inter,Inter,Inter,Inter,Jiangsu Suning,Jiangsu Suning,São Paulo,retired,,,,2003,2022,19
Mihajlović,,,,,,,,,,,,,,,,,,,,,,,,,,,,,,,,,,,,,,,,,,Vojvodina,Vojvodina,Estrela Vermelha,Estrela Vermelha,Roma,Roma,Sampdoria,Sampdoria,Sampdoria,Sampdoria,Lazio,Lazio,Lazio,Lazio,Lazio,Lazio,Milan,Milan,retired,,,,,,,,,,,,,,,,,,,,1987,2006,19
Migueli,,,,,,,,,,,,,,,,,,,,,,,,Cádiz,Cádiz,Cádiz,Barcelona,Barcelona,Barcelona,Barcelona,Barcelona,Barcelona,Barcelona,Barcelona,Barcelona,Barcelona,Barcelona,Barcelona,Barcelona,Barcelona,Barcelona,retired,,,,,,,,,,,,,,,,,,,,,,,,,,,,,,,,,,,,,,1969,1988,19
Messi,,,,,,,,,,,,,,,,,,,,,,,,,,,,,,,,,,,,,,,,,,,,,,,,,,,,,,,,,,,Barcelona,Barcelona,Barcelona,Barcelona,Barcelona,Barcelona,Barcelona,Barcelona,Barcelona,Barcelona,Barcelona,Barcelona,Barcelona,Barcelona,Barcelona,Barcelona,Barcelona,PSG,Inter Miami,Inter Miami,,2005,2025,20
Mbappé,,,,,,,,,,,,,,,,,,,,,,,,,,,,,,,,,,,,,,,,,,,,,,,,,,,,,,,,,,,,,,,,,,,,,,Monaco,Monaco,PSG,PSG,PSG,PSG,PSG,PSG,,,2017,2025,8
Mazinho,,,,,,,,,,,,,,,,,,,,,,,,,,,,,,,,,,,,,,,Vasco,Vasco,Vasco,Vasco,Vasco,Lecce,Fiorentina,Palmeiras,Palmeiras,Valencia,Valencia,Celta de Vigo,Celta de Vigo,Celta de Vigo,Elche,Elche,Deportivo Alavés,retired,,,,,,,,,,,,,,,,,,,,,,,,1984,2002,18
Mascherano,,,,,,,,,,,,,,,,,,,,,,,,,,,,,,,,,,,,,,,,,,,,,,,,,,,,,,,,,River Plate,River Plate,Corinthians,West Ham,Liverpool,Liverpool,Liverpool,Barcelona,Barcelona,Barcelona,Barcelona,Barcelona,Barcelona,Barcelona,Barcelona,Hebei FC,Hebei FC,Estudiantes,retired,,,,,2002,2021,19
Marquinhos,,,,,,,,,,,,,,,,,,,,,,,,,,,,,,,,,,,,,,,,,,,,,,,,,,,,,,,,,,,,,,,,,,Roma,PSG,PSG,PSG,PSG,PSG,PSG,PSG,PSG,PSG,PSG,PSG,,,2013,2025,12
Mario Götze,,,,,,,,,,,,,,,,,,,,,,,,,,,,,,,,,,,,,,,,,,,,,,,,,,,,,,,,,,,,,,,Borussia Dortmund,Borussia Dortmund,Borussia Dortmund,Borussia Dortmund,Bayern Munique,Bayern Munique,Bayern Munique,Borussia Dortmund,Borussia Dortmund,Borussia Dortmund,Borussia Dortmund,PSV,PSV,Eintracht Frankfurt,Eintracht Frankfurt,,,2010,2025,15
Marcos,,,,,,,,,,,,,,,,,,,,,,,,,,,,,,,,,,,,,,,,,,,,,,Palmeiras,Palmeiras,Palmeiras,Palmeiras,Palmeiras,Palmeiras,Palmeiras,Palmeiras,Palmeiras,Palmeiras,Palmeiras,Palmeiras,Palmeiras,Palmeiras,Palmeiras,Palmeiras,Palmeiras,Palmeiras,Palmeiras,Palmeiras,retired,,,,,,,,,,,,,,1991,2012,21
Marchena,,,,,,,,,,,,,,,,,,,,,,,,,,,,,,,,,,,,,,,,,,,,,,,,,,,Sevilla,Sevilla,Sevilla,Benfica,Valencia,Valencia,Valencia,Valencia,Valencia,Valencia,Valencia,Valencia,Valencia,Villarreal,Villarreal,La Coruna,La Coruna,La Coruna,retired,,,,,,,,,,,1996,2015,19
Marcelo,,,,,,,,,,,,,,,,,,,,,,,,,,,,,,,,,,,,,,,,,,,,,,,,,,,,,,,,,,,Fluminense,Fluminense,Real Madrid,Real Madrid,Real Madrid,Real Madrid,Real Madrid,Real Madrid,Real Madrid,Real Madrid,Real Madrid,Real Madrid,Real Madrid,Real Madrid,Real Madrid,Real Madrid,Real Madrid,Olympiacos,Fluminense,,,2006,2025,19
Maradona,,,,,,,,,,,,,,,,,,,,,,,,,,,,,,Argentinos Juniors,Argentinos Juniors,Argentinos Juniors,Argentinos Juniors,Argentinos Juniors,Boca Juniors,Barcelona,Barcelona,Napoli,Napoli,Napoli,Napoli,Napoli,Napoli,Napoli,Napoli,Sevilla,Newell's Old Boys,Newell's Old Boys,Boca Juniors,Boca Juniors,retired,,,,,,,,,,,,,,,,,,,,,,,,,,,,,1975,1997,22
Malouda,,,,,,,,,,,,,,,,,,,,,,,,,,,,,,,,,,,,,,,,,,,,,,,,,,Châteauroux,Châteauroux,Châteauroux,Châteauroux,Guingamp,Guingamp,Guingamp,Lyon,Lyon,Lyon,Lyon,Chelsea,Chelsea,Chelsea,Chelsea,Chelsea,Chelsea,Trabzonspor,Metz,Odisha FC,Odisha FC,retired,,,,,,,,,1995,2017,22
Maldini,,,,,,,,,,,,,,,,,,,,,,,,,,,,,,,,,,,,,,Milan,Milan,Milan,Milan,Milan,Milan,Milan,Milan,Milan,Milan,Milan,Milan,Milan,Milan,Milan,Milan,Milan,Milan,Milan,Milan,Milan,Milan,Milan,Milan,Milan,retired,,,,,,,,,,,,,,,,,1983,2009,26
Malcom,,,,,,,,,,,,,,,,,,,,,,,,,,,,,,,,,,,,,,,,,,,,,,,,,,,,,,,,,,,,,,,,,,,,Corinthians,Corinthians,Bordeaux,Bordeaux,Barcelona,Zenit,Zenit,Zenit,Zenit,Al Hilal,,,2015,2025,10
Makelele,,,,,,,,,,,,,,,,,,,,,,,,,,,,,,,,,,,,,,,,,,,,,Nantes,Nantes,Nantes,Nantes,Nantes,Nantes,Olympique Marselha,Celta de Vigo,Celta de Vigo,Real Madrid,Real Madrid,Real Madrid,Chelsea,Chelsea,Chelsea,Chelsea,Chelsea,PSG,PSG,PSG,retired,,,,,,,,,,,,,,,1990,2011,21
Maicon,,,,,,,,,,,,,,,,,,,,,,,,,,,,,,,,,,,,,,,,,,,,,,,,,,,,,,,Cruzeiro,Cruzeiro,Cruzeiro,Monaco,Monaco,Inter,Inter,Inter,Inter,Inter,Inter,Inter,Roma,Roma,Roma,Roma,Avaí,Radium,Criciúma,Vila Nova,retired,,,,,2000,2021,21
Mahrez,,,,,,,,,,,,,,,,,,,,,,,,,,,,,,,,,,,,,,,,,,,,,,,,,,,,,,,,,,,,,,,,,Le Havre,Le Havre,Le Havre,Leicester,Leicester,Leicester,Leicester,Manchester City,Manchester City,Manchester City,Manchester City,Manchester City,Al Ahli,,,2012,2025,13
Maestro Júnior,,,,,,,,,,,,,,,,,,,,,,,,,,,,Flamengo,Flamengo,Flamengo,Flamengo,Flamengo,Flamengo,Flamengo,Flamengo,Flamengo,Flamengo,Torino,Torino,Torino,Pescara,Pescara,Flamengo,Flamengo,Flamengo,Flamengo,retired,,,,,,,,,,,,,,,,,,,,,,,,,,,,,,,,,1973,1993,20
Lukaku,,,,,,,,,,,,,,,,,,,,,,,,,,,,,,,,,,,,,,,,,,,,,,,,,,,,,,,,,,,,,,,Anderlecht,Anderlecht,Chelsea,West Bromwich,Everton,Everton,Everton,Everton,Manchester United,Manchester United,Inter,Inter,Chelsea,Inter,Roma,,,2010,2025,15
Luisão,,,,,,,,,,,,,,,,,,,,,,,,,,,,,,,,,,,,,,,,,,,,,,,,,,,,,Juventus Mooca,Cruzeiro,Cruzeiro,Cruzeiro,Benfica,Benfica,Benfica,Benfica,Benfica,Benfica,Benfica,Benfica,Benfica,Benfica,Benfica,Benfica,Benfica,Benfica,Benfica,retired,,,,,,,,1998,2018,20
Luis Suárez,,,,,,,,,,,,,,,,,,,,,,,,,,,,,,,,,,,,,,,,,,,,,,,,,,,,,,,,,,,Nacional,Groningen,Ajax,Ajax,Ajax,Ajax,Liverpool,Liverpool,Liverpool,Barcelona,Barcelona,Barcelona,Barcelona,Barcelona,Barcelona,Atlético Madrid,Atlético Madrid,Nacional,Grêmio,Inter Miami,,2005,2025,20
Lugano,,,,,,,,,,,,,,,,,,,,,,,,,,,,,,,,,,,,,,,,,,,,,,,,,,,,,Nacional,Nacional,Nacional,Plaza Colonia,São Paulo,São Paulo,São Paulo,Fenerbahçe,Fenerbahçe,Fenerbahçe,Fenerbahçe,Fenerbahçe,PSG,PSG,Málaga,West Bromwich,Cerro Porteño,São Paulo,retired,,,,,,,,,1998,2017,19
Lúcio,,,,,,,,,,,,,,,,,,,,,,,,,,,,,,,,,,,,,,,,,,,,,,,,,,,Internacional,Internacional,Internacional,Internacional,Bayer Leverkusen,Bayer Leverkusen,Bayer Leverkusen,Bayern Munique,Bayern Munique,Bayern Munique,Bayern Munique,Bayern Munique,Inter,Inter,Inter,Juventus,São Paulo,Palmeiras,FC Goa,Radium,Radium,Brasiliense,retired,,,,,,,1996,2019,23
Lucas Leiva,,,,,,,,,,,,,,,,,,,,,,,,,,,,,,,,,,,,,,,,,,,,,,,,,,,,,,,,,,,Grêmio,Grêmio,Liverpool,Liverpool,Liverpool,Liverpool,Liverpool,Liverpool,Liverpool,Liverpool,Liverpool,Liverpool,Lazio,Lazio,Lazio,Lazio,Lazio,Grêmio,retired,,,2004,2023,19
Luca Toni,,,,,,,,,,,,,,,,,,,,,,,,,,,,,,,,,,,,,,,,,,,,,,,,Modena,Modena,Empoli,Empoli,Lodigiani,Treviso,Vicenza,Brescia,Brescia,Palermo,Palermo,Fiorentina,Fiorentina,Bayern Munique,Bayern Munique,Bayern Munique,Roma,Juventus,Fiorentina,Hellas Verona,Hellas Verona,Hellas Verona,retired,,,,,,,,,,1993,2016,23
Locatelli,,,,,,,,,,,,,,,,,,,,,,,,,,,,,,,,,,,,,,,,,,,,,,,,,,,,,,,,,,,,,,,,,,,,,,Milan,Milan,Sassuolo,Sassuolo,Sassuolo,Juventus,Juventus,Juventus,,,2017,2025,8
Lloris,,,,,,,,,,,,,,,,,,,,,,,,,,,,,,,,,,,,,,,,,,,,,,,,,,,,,,,,,,,Nice,Nice,Nice,Lyon,Lyon,Lyon,Lyon,Tottenham,Tottenham,Tottenham,Tottenham,Tottenham,Tottenham,Tottenham,Tottenham,Tottenham,Tottenham,Tottenham,Tottenham,,,2006,2025,19
Lineker,,,,,,,,,,,,,,,,,,,,,,,,,,,,,,,,Leicester,Leicester,Leicester,Leicester,Leicester,Leicester,Leicester,Everton,Barcelona,Barcelona,Barcelona,Tottenham,Tottenham,Tottenham,Nagoya Grampus,Nagoya Grampus,retired,,,,,,,,,,,,,,,,,,,,,,,,,,,,,,,,1977,1994,17
Lewandowski,,,,,,,,,,,,,,,,,,,,,,,,,,,,,,,,,,,,,,,,,,,,,,,,,,,,,,,,,,,,,,Lech Poznan,Lech Poznan,Borussia Dortmund,Borussia Dortmund,Borussia Dortmund,Borussia Dortmund,Bayern Munique,Bayern Munique,Bayern Munique,Bayern Munique,Bayern Munique,Bayern Munique,Bayern Munique,Bayern Munique,Bayern Munique,Barcelona,,,2009,2025,16
Lev Yashin,,,Dinamo Moscou,Dinamo Moscou,Dinamo Moscou,Dinamo Moscou,Dinamo Moscou,Dinamo Moscou,Dinamo Moscou,Dinamo Moscou,Dinamo Moscou,Dinamo Moscou,Dinamo Moscou,Dinamo Moscou,Dinamo Moscou,Dinamo Moscou,Dinamo Moscou,Dinamo Moscou,Dinamo Moscou,Dinamo Moscou,Dinamo Moscou,Dinamo Moscou,Dinamo Moscou,Dinamo Moscou,retired,,,,,,,,,,,,,,,,,,,,,,,,,,,,,,,,,,,,,,,,,,,,,,,,,,,,,,,1948,1971,23
Leonardo,,,,,,,,,,,,,,,,,,,,,,,,,,,,,,,,,,,,,,,,,Flamengo,Flamengo,Flamengo,São Paulo,Valencia,Valencia,São Paulo,Kashima Antlers,Kashima Antlers,PSG,Milan,Milan,Milan,Milan,São Paulo,Flamengo,retired,,,,,,,,,,,,,,,,,,,,,,,1986,2003,17
Leandro,,,,,,,,,,,,,,,,,,,,,,,,,,,,,,,,Flamengo,Flamengo,Flamengo,Flamengo,Flamengo,Flamengo,Flamengo,Flamengo,Flamengo,Flamengo,Flamengo,Flamengo,retired,,,,,,,,,,,,,,,,,,,,,,,,,,,,,,,,,,,,1977,1990,13
Laudrup,,,,,,,,,,,,,,,,,,,,,,,,,,,,,,,,,,,Kjøbenhavns Boldklub,Brondby,Lazio,Juventus,Juventus,Juventus,Juventus,Juventus,Barcelona,Barcelona,Barcelona,Barcelona,Barcelona,Real Madrid,Real Madrid,Vissel Kobe,Ajax,retired,,,,,,,,,,,,,,,,,,,,,,,,,,,,1980,1998,18
Lampard,,,,,,,,,,,,,,,,,,,,,,,,,,,,,,,,,,,,,,,,,,,,,,,,,West Ham,West Ham,West Ham,West Ham,West Ham,West Ham,Chelsea,Chelsea,Chelsea,Chelsea,Chelsea,Chelsea,Chelsea,Chelsea,Chelsea,Chelsea,Chelsea,Chelsea,Chelsea,Manchester City,NY City,retired,,,,,,,,,,1994,2016,22
Lahm,,,,,,,,,,,,,,,,,,,,,,,,,,,,,,,,,,,,,,,,,,,,,,,,,,,,,,,Bayern Munique II,Bayern Munique II,Stuttgart,Stuttgart,Bayern Munique,Bayern Munique,Bayern Munique,Bayern Munique,Bayern Munique,Bayern Munique,Bayern Munique,Bayern Munique,Bayern Munique,Bayern Munique,Bayern Munique,Bayern Munique,retired,,,,,,,,,2000,2017,17
Lacazette,,,,,,,,,,,,,,,,,,,,,,,,,,,,,,,,,,,,,,,,,,,,,,,,,,,,,,,,,,,,,,,,Lyon,Lyon,Lyon,Lyon,Lyon,Lyon,Lyon,Arsenal,Arsenal,Arsenal,Arsenal,Arsenal,Lyon,Lyon,,,2011,2025,14
Kroos,,,,,,,,,,,,,,,,,,,,,,,,,,,,,,,,,,,,,,,,,,,,,,,,,,,,,,,,,,,,,Bayern Munique,Bayern Munique,Bayer Leverkusen,Bayern Munique,Bayern Munique,Bayern Munique,Bayern Munique,Real Madrid,Real Madrid,Real Madrid,Real Madrid,Real Madrid,Real Madrid,Real Madrid,Real Madrid,Real Madrid,Real Madrid,,,2008,2025,17
Koulibaly,,,,,,,,,,,,,,,,,,,,,,,,,,,,,,,,,,,,,,,,,,,,,,,,,,,,,,,,,,,,,,,,Metz,Metz,Genk,Genk,Napoli,Napoli,Napoli,Napoli,Napoli,Napoli,Napoli,Napoli,Chelsea,Al Hilal,,,2011,2025,14
Kostic,,,,,,,,,,,,,,,,,,,,,,,,,,,,,,,,,,,,,,,,,,,,,,,,,,,,,,,,,,,,,,,,,,Groningen,Groningen,Stuttgart,Stuttgart,Hamburgo,,Eintracht Frankfurt,Eintracht Frankfurt,Eintracht Frankfurt,Eintracht Frankfurt,Juventus,Juventus,,,2014,2025,11
Kompany,,,,,,,,,,,,,,,,,,,,,,,,,,,,,,,,,,,,,,,,,,,,,,,,,,,,,,,,,Anderlecht,Anderlecht,Anderlecht,Hamburgo,Hamburgo,Manchester City,Manchester City,Manchester City,Manchester City,Manchester City,Manchester City,Manchester City,Manchester City,Manchester City,Manchester City,Manchester City,Anderlecht,retired,,,,,,2002,2020,18
Kluivert,,,,,,,,,,,,,,,,,,,,,,,,,,,,,,,,,,,,,,,,,,,,,,,,Ajax,Ajax,Ajax,Milan,Barcelona,Barcelona,Barcelona,Barcelona,Barcelona,Barcelona,Newcastle,Valencia,PSV,Lille,retired,,,,,,,,,,,,,,,,,,1993,2008,15
Klinsmann,,,,,,,,,,,,,,,,,,,,,,,,,,,,,,,,,,,Stuttgarter Kickers,Stuttgarter Kickers,Stuttgarter Kickers,Stuttgart,Stuttgart,Stuttgart,Stuttgart,Stuttgart,Inter,Inter,Inter,Monaco,Monaco,Tottenham,Bayern Munique,Bayern Munique,Sampdoria,Tottenham,retired,,,,,,,,,,,,,,,,,,,,,,,,,,,1980,1999,19
Kjaer,,,,,,,,,,,,,,,,,,,,,,,,,,,,,,,,,,,,,,,,,,,,,,,,,,,,,,,,,,,,,Midtjylland,Palermo,Palermo,Wolfsburg,Roma,Wolfsburg,Lille,Lille,Fenerbahçe,Fenerbahçe,Sevilla,Sevilla,Atalanta,Milan,Milan,Milan,Milan,,,2008,2025,17
Kimpembe,,,,,,,,,,,,,,,,,,,,,,,,,,,,,,,,,,,,,,,,,,,,,,,,,,,,,,,,,,,,,,,,,,,,,PSG,PSG,PSG,PSG,PSG,PSG,PSG,PSG,PSG,,,2016,2025,9
Kimmich,,,,,,,,,,,,,,,,,,,,,,,,,,,,,,,,,,,,,,,,,,,,,,,,,,,,,,,,,,,,,,,,,,,RB Leipzig,RB Leipzig,Bayern Munique,Bayern Munique,Bayern Munique,Bayern Munique,Bayern Munique,Bayern Munique,Bayern Munique,Bayern Munique,Bayern Munique,,,2014,2025,11
Kießling,,,,,,,,,,,,,,,,,,,,,,,,,,,,,,,,,,,,,,,,,,,,,,,,,,,,,,,,Nurnberg,Nurnberg,Nurnberg,Nurnberg,Bayer Leverkusen,Bayer Leverkusen,Bayer Leverkusen,Bayer Leverkusen,Bayer Leverkusen,Bayer Leverkusen,Bayer Leverkusen,Bayer Leverkusen,Bayer Leverkusen,Bayer Leverkusen,Bayer Leverkusen,Bayer Leverkusen,retired,,,,,,,,2001,2018,17
Keno,,,,,,,,,,,,,,,,,,,,,,,,,,,,,,,,,,,,,,,,,,,,,,,,,,,,,,,,,,,,,,,América-SE,América-SE,América-SE,América-SE,Águia de Marabá,Paraná,Atlas,Santa Cruz,Palmeiras,Pyramids,Al Jazira,Atlético-MG,Atlético-MG,Atlético-MG,Fluminense,,,2010,2025,15
Kanu,,,,,,,,,,,,,,,,,,,,,,,,,,,,,,,,,,,,,,,,,,,,,,,Ajax,Ajax,Ajax,Inter,Inter,Inter,Arsenal,Arsenal,Arsenal,Arsenal,Arsenal,West Bromwich,West Bromwich,Portsmouth,Portsmouth,Portsmouth,Portsmouth,Portsmouth,Portsmouth,retired,,,,,,,,,,,,,,1992,2012,20
Kaladze,,,,,,,,,,,,,,,,,,,,,,,,,,,,,,,,,,,,,,,,,,,,,,,Dinamo Tbilisi,Dinamo Tbilisi,Dinamo Tbilisi,Dinamo Tbilisi,Dinamo Kiev,Dinamo Kiev,Dinamo Kiev,Dinamo Kiev,Milan,Milan,Milan,Milan,Milan,Milan,Milan,Milan,Milan,Genoa,Genoa,retired,,,,,,,,,,,,,,1992,2012,20
Kaka,,,,,,,,,,,,,,,,,,,,,,,,,,,,,,,,,,,,,,,,,,,,,,,,,,,,,,,São Paulo,São Paulo,Milan,Milan,Milan,Milan,Milan,Milan,Real Madrid,Real Madrid,Real Madrid,Real Madrid,Milan,São Paulo,Orlando City,Orlando City,retired,,,,,,,,,2000,2017,17
Kaio Jorge,,,,,,,,,,,,,,,,,,,,,,,,,,,,,,,,,,,,,,,,,,,,,,,,,,,,,,,,,,,,,,,,,,,,,,,,,Santos,Santos,Juventus,Juventus,Frosinone,,,2020,2025,5
Julio César,,,,,,,,,,,,,,,,,,,,,,,,,,,,,,,,,,,,,,,,,,,,,,,,,,,Flamengo,Flamengo,Flamengo,Flamengo,Flamengo,Flamengo,Flamengo,Flamengo,Inter,Inter,Inter,Inter,Inter,Inter,Inter,QPR,QPR,Benfica,Benfica,Benfica,Benfica,retired,,,,,,,,1996,2018,22
Juanito,,,,,,,,,,,,,,,,,,,,,,,,,,,Burgos,Burgos,Burgos,Burgos,Real Madrid,Real Madrid,Real Madrid,Real Madrid,Real Madrid,Real Madrid,Real Madrid,Real Madrid,Real Madrid,Real Madrid,Málaga,Málaga,retired,,,,,,,,,,,,,,,,,,,,,,,,,,,,,,,,,,,,,1972,1989,17
Jorge Luiz,,,,,,,,,,,,,,,,,,,,,,,,,,,,,,,,,,,,,,,,,,,,,,,,,,,,,,,,,,,,,,,,Hellas Verona,Hellas Verona,Hellas Verona,Hellas Verona,Napoli,Napoli,Napoli,Napoli,Chelsea,Chelsea,Chelsea,Chelsea,Chelsea,Arsenal,,,2011,2025,14
Jonas,,,,,,,,,,,,,,,,,,,,,,,,,,,,,,,,,,,,,,,,,,,,,,,,,,,,,,,,,,,Guarani,Santos,Grêmio,Portuguesa,Grêmio,Grêmio,Valencia,Valencia,Valencia,Benfica,Benfica,Benfica,Benfica,Benfica,retired,,,,,,,2004,2019,15
John Terry,,,,,,,,,,,,,,,,,,,,,,,,,,,,,,,,,,,,,,,,,,,,,,,,,,,,Chelsea,Chelsea,Chelsea,Chelsea,Chelsea,Chelsea,Chelsea,Chelsea,Chelsea,Chelsea,Chelsea,Chelsea,Chelsea,Chelsea,Chelsea,Chelsea,Chelsea,Chelsea,Chelsea,Aston Villa,retired,,,,,,,,1997,2018,21
João Félix,,,,,,,,,,,,,,,,,,,,,,,,,,,,,,,,,,,,,,,,,,,,,,,,,,,,,,,,,,,,,,,,,,,,,,,,Benfica,Atlético Madrid,Atlético Madrid,Atlético Madrid,Chelsea,Barcelona,,,2019,2025,6
Jô,,,,,,,,,,,,,,,,,,,,,,,,,,,,,,,,,,,,,,,,,,,,,,,,,,,,,,,,,Corinthians,Corinthians,CSKA,CSKA,CSKA,Manchester City,Everton,Galatasaray,Internacional,Atlético-MG,Atlético-MG,Atlético-MG,Al Shabab,Jiangsu Suning,Corinthians,Nagoya Grampus,Nagoya Grampus,Corinthians,Corinthians,Ceará,retired,,,2002,2023,21
Jesús Navas,,,,,,,,,,,,,,,,,,,,,,,,,,,,,,,,,,,,,,,,,,,,,,,,,,,,,,,,,Sevilla,Sevilla,Sevilla,Sevilla,Sevilla,Sevilla,Sevilla,Sevilla,Sevilla,Sevilla,Manchester City,Manchester City,Manchester City,Manchester City,Sevilla,Sevilla,Sevilla,Sevilla,Sevilla,Sevilla,Sevilla,,,2004,2025,21
Jairzinho,,,,,,,,,,,,,Botafogo,Botafogo,Botafogo,Botafogo,Botafogo,Botafogo,Botafogo,Botafogo,Botafogo,Botafogo,Botafogo,Botafogo,Botafogo,Botafogo,Botafogo,Olympique Marselha,Olympique Marselha,Cruzeiro,Radium,Noroeste,Fast,Jorge Wilstermann,Botafogo,retired,,,,,,,,,,,,,,,,,,,,,,,,,,,,,,,,,,,,,,,,,,,,1958,1982,24
Ivanovic,,,,,,,,,,,,,,,,,,,,,,,,,,,,,,,,,,,,,,,,,,,,,,,,,,,,,,,,,OFK Belgrade,OFK Belgrade,OFK Belgrade,Locomotiv Moscou,Chelsea,Chelsea,Chelsea,Chelsea,Chelsea,Chelsea,Chelsea,Chelsea,Chelsea,Chelsea,Zenit,Zenit,Zenit,West Bromwich,retired,,,,,2002,2021,19
Inzaghi,,,,,,,,,,,,,,,,,,,,,,,,,,,,,,,,,,,,,,,,,,,,,,AlbinoLeffe,Hellas Verona,Piacenza,Parma,Atalanta,Juventus,Juventus,Juventus,Juventus,Milan,Milan,Milan,Milan,Milan,Milan,Milan,Milan,Milan,Milan,Milan,retired,,,,,,,,,,,,,,1991,2012,21
Insigne,,,,,,,,,,,,,,,,,,,,,,,,,,,,,,,,,,,,,,,,,,,,,,,,,,,,,,,,,,,,,,,,Foggia,Pescara,Napoli,Napoli,Napoli,Napoli,Napoli,Napoli,Napoli,Napoli,Napoli,Napoli,Toronto FC,Toronto FC,,,2011,2025,14
Iniesta,,,,,,,,,,,,,,,,,,,,,,,,,,,,,,,,,,,,,,,,,,,,,,,,,,,,,,,,Barcelona,Barcelona,Barcelona,Barcelona,Barcelona,Barcelona,Barcelona,Barcelona,Barcelona,Barcelona,Barcelona,Barcelona,Barcelona,Barcelona,Barcelona,Barcelona,Vissel Kobe,Vissel Kobe,Vissel Kobe,Vissel Kobe,Vissel Kobe,Emirates Club,,,2003,2025,22
Immobile,,,,,,,,,,,,,,,,,,,,,,,,,,,,,,,,,,,,,,,,,,,,,,,,,,,,,,,,,,,,,,,,Siena,Pescara,Genoa,Torino,Borussia Dortmund,Sevilla,Lazio,Lazio,Lazio,Lazio,Lazio,Lazio,Lazio,Lazio,,,2011,2025,14
Ibrahimovic,,,,,,,,,,,,,,,,,,,,,,,,,,,,,,,,,,,,,,,,,,,,,,,,,,,,,Malmo,Malmo,Ajax,Ajax,Ajax,Juventus,Juventus,Inter,Inter,Inter,Barcelona,Milan,Milan,PSG,PSG,PSG,PSG,Manchester United,Manchester United,LA Galaxy,LA Galaxy,Milan,Milan,Milan,retired,,,1998,2023,25
Ian Rush,,,,,,,,,,,,,,,,,,,,,,,,,,,,,,,,,,Liverpool,Liverpool,Liverpool,Liverpool,Liverpool,Liverpool,Liverpool,Juventus,Liverpool,Liverpool,Liverpool,Liverpool,Liverpool,Liverpool,Liverpool,Liverpool,Leeds United,Newcastle,Wrexham,Sydney Olympic,retired,,,,,,,,,,,,,,,,,,,,,,,,,,1979,2000,21
Huntelaar,,,,,,,,,,,,,,,,,,,,,,,,,,,,,,,,,,,,,,,,,,,,,,,,,,,,,,,,,AGOVV,Heerenveen,Heerenveen,Ajax,Ajax,Ajax,Milan,Schalke-04,Schalke-04,Schalke-04,Schalke-04,Schalke-04,Schalke-04,Schalke-04,Ajax,Ajax,Ajax,Ajax,Schalke-04,retired,,,,2002,2022,20
Hummels,,,,,,,,,,,,,,,,,,,,,,,,,,,,,,,,,,,,,,,,,,,,,,,,,,,,,,,,,,,,,,Borussia Dortmund,Borussia Dortmund,Borussia Dortmund,Borussia Dortmund,Borussia Dortmund,Borussia Dortmund,Borussia Dortmund,Borussia Dortmund,Bayern Munique,Bayern Munique,Bayern Munique,Borussia Dortmund,Borussia Dortmund,Borussia Dortmund,Borussia Dortmund,Borussia Dortmund,,,2009,2025,16
Hulk,,,,,,,,,,,,,,,,,,,,,,,,,,,,,,,,,,,,,,,,,,,,,,,,,,,,,,,,,,Vitória,Kawasaki Frontale,Hokkaido Consadole Sapporo,Tokyo Verdy,Porto,Porto,Porto,Porto,Zenit,Zenit,Zenit,Zenit,Shanghai Port,Shanghai Port,Shanghai Port,Shanghai Port,Shanghai Port,Atlético-MG,Atlético-MG,Atlético-MG,,,2005,2025,20
Hugo Sotil,,,,,,,,,,,,,,,,,,,,,,Dep. Municipal,Dep. Municipal,Dep. Municipal,Dep. Municipal,Dep. Municipal,Barcelona,Barcelona,Barcelona,Barcelona,Alianza Lima,Alianza Lima,Dep. Municipal,Dep. Municipal,Dep. Municipal,Dep. Municipal,retired,,,,,,,,,,,,,,,,,,,,,,,,,,,,,,,,,,,,,,,,,,,1967,1983,16
Higuain,,,,,,,,,,,,,,,,,,,,,,,,,,,,,,,,,,,,,,,,,,,,,,,,,,,,,,,,,,,River Plate,Real Madrid,Real Madrid,Real Madrid,Real Madrid,Real Madrid,Real Madrid,Real Madrid,Napoli,Napoli,Napoli,Juventus,Juventus,Milan,Chelsea,Inter Miami,Inter Miami,retired,,,,2004,2022,18
Harry Kane,,,,,,,,,,,,,,,,,,,,,,,,,,,,,,,,,,,,,,,,,,,,,,,,,,,,,,,,,,,,,,,Tottenham,Tottenham,Leyton Orient,Millwall,Leicester,Tottenham,Tottenham,Tottenham,Tottenham,Tottenham,Tottenham,Tottenham,Tottenham,Tottenham,Bayern Munique,,,2010,2025,15
Hamsik,,,,,,,,,,,,,,,,,,,,,,,,,,,,,,,,,,,,,,,,,,,,,,,,,,,,,,,,,,Slovan Bratislava,Brescia,Brescia,Napoli,Napoli,Napoli,Napoli,Napoli,Napoli,Napoli,Napoli,Napoli,Napoli,Napoli,Napoli,Dalian Shide,Dalian Shide,Trabzonspor,,retired,,,2004,2023,19
Hakimi,,,,,,,,,,,,,,,,,,,,,,,,,,,,,,,,,,,,,,,,,,,,,,,,,,,,,,,,,,,,,,,,,,,,,,,,Borussia Dortmund,Borussia Dortmund,Inter,PSG,PSG,PSG,,,2019,2025,6
Haaland,,,,,,,,,,,,,,,,,,,,,,,,,,,,,,,,,,,,,,,,,,,,,,,,,,,,,,,,,,,,,,,,,,,,,,,Molde,Molde,RB Salzburg,Borussia Dortmund,Borussia Dortmund,Manchester City,Manchester City,Manchester City,,2017,2025,8
Guti,,,,,,,,,,,,,,,,,,,,,,,,,,,,,,,,,,,,,,,,,,,,,,,,Real Madrid,Real Madrid,Real Madrid,Real Madrid,Real Madrid,Real Madrid,Real Madrid,Real Madrid,Real Madrid,Real Madrid,Real Madrid,Real Madrid,Real Madrid,Real Madrid,Real Madrid,Real Madrid,Beşiktaş,retired,,,,,,,,,,,,,,,1993,2011,18
Guardiola,,,,,,,,,,,,,,,,,,,,,,,,,,,,,,,,,,,,,,,,,,,,Barcelona B,Barcelona B,Barcelona,Barcelona,Barcelona,Barcelona,Barcelona,Barcelona,Barcelona,Barcelona,Barcelona,Brescia,Roma,Brescia,Al Ahli,Dorados Sinaloa,retired,,,,,,,,,,,,,,,,,,,,1989,2006,17
Griezmann,,,,,,,,,,,,,,,,,,,,,,,,,,,,,,,,,,,,,,,,,,,,,,,,,,,,,,,,,,,,,,,Real Sociedad,Real Sociedad,Real Sociedad,Real Sociedad,Real Sociedad,Atlético Madrid,Atlético Madrid,Atlético Madrid,Atlético Madrid,Atlético Madrid,Barcelona,Barcelona,Atlético Madrid,Atlético Madrid,Atlético Madrid,,,2010,2025,15
Grafite,,,,,,,,,,,,,,,,,,,,,,,,,,,,,,,,,,,,,,,,,,,,,,,,,,,,,Matonense,Matonense,Ferroviária,Grêmio,Goiás,São Paulo,São Paulo,Le Mans,Wolfsburg,Wolfsburg,Wolfsburg,Wolfsburg,Al Ahli,Al Ahli,Al Ahli,Al Ahli,Al Sadd,Santa Cruz,Atlético-PR,Santa Cruz,retired,,,,,,,1998,2019,21
Godín,,,,,,,,,,,,,,,,,,,,,,,,,,,,,,,,,,,,,,,,,,,,,,,,,,,,,,,,,Cerro-URU,Cerro-URU,Cerro-URU,Nacional,Villarreal,Villarreal,Villarreal,Atlético Madrid,Atlético Madrid,Atlético Madrid,Atlético Madrid,Atlético Madrid,Atlético Madrid,Atlético Madrid,Atlético Madrid,Atlético Madrid,Inter,Cagliari,Atlético-MG,Vélez Sarsfield,retired,,,2002,2023,21
Giuly,,,,,,,,,,,,,,,,,,,,,,,,,,,,,,,,,,,,,,,,,,,,,,,,Lyon,Lyon,Lyon,Lyon,Monaco,Monaco,Monaco,Monaco,Monaco,Monaco,Barcelona,Barcelona,Barcelona,Roma,PSG,PSG,PSG,Monaco,FC Lorient,retired,,,,,,,,,,,,,1993,2013,20
Giggs,,,,,,,,,,,,,,,,,,,,,,,,,,,,,,,,,,,,,,,,,,,,Manchester United,Manchester United,Manchester United,Manchester United,Manchester United,Manchester United,Manchester United,Manchester United,Manchester United,Manchester United,Manchester United,Manchester United,Manchester United,Manchester United,Manchester United,Manchester United,Manchester United,Manchester United,Manchester United,Manchester United,Manchester United,Manchester United,Manchester United,Manchester United,retired,,,,,,,,,,,,1989,2014,25
Gervinho,,,,,,,,,,,,,,,,,,,,,,,,,,,,,,,,,,,,,,,,,,,,,,,,,,,,,,,,,,,Beveren,Beveren,Le Mans,Le Mans,Lille,Lille,Arsenal,Arsenal,Roma,Roma,Roma,Hebei FC,Hebei FC,Parma,Parma,Parma,Trabzonspor,retired,,,,2004,2022,18
Gerrard,,,,,,,,,,,,,,,,,,,,,,,,,,,,,,,,,,,,,,,,,,,,,,,,,,,,Liverpool,Liverpool,Liverpool,Liverpool,Liverpool,Liverpool,Liverpool,Liverpool,Liverpool,Liverpool,Liverpool,Liverpool,Liverpool,Liverpool,Liverpool,Liverpool,Liverpool,LA Galaxy,retired,,,,,,,,,,1997,2016,19
Gerardo,,,,,,,,,,,,,,,,,,,,,,,,,,,,,,Las Palmas,Las Palmas,Las Palmas,Las Palmas,Las Palmas,Barcelona,Barcelona,Barcelona,Barcelona,Barcelona,Barcelona,Barcelona,Las Palmas,Las Palmas,retired,,,,,,,,,,,,,,,,,,,,,,,,,,,,,,,,,,,,1975,1990,15
George Weah,,,,,,,,,,,,,,,,,,,,,,,,,,,,,,,,,,,,,,,,,,Monaco,Monaco,Monaco,Monaco,PSG,PSG,PSG,Milan,Milan,Milan,Milan,Chelsea,Manchester City,Olympique Marselha,retired,,,,,,,,,,,,,,,,,,,,,,,,1987,2002,15
George Best,,,,,,,,,,,,,,,,,Manchester United,Manchester United,Manchester United,Manchester United,Manchester United,Manchester United,Manchester United,Manchester United,Manchester United,Manchester United,Manchester United,Manchester United,Manchester United,Fulham,Los Angeles Aztecs,Fort Lauderdale Strikers,Hibernian,San Jose Earthquakes,retired,,,,,,,,,,,,,,,,,,,,,,,,,,,,,,,,,,,,,,,,,,,,,1962,1981,19
Geoff Hurst,,,,,,,,,,,,,West Ham,West Ham,West Ham,West Ham,West Ham,West Ham,West Ham,West Ham,West Ham,West Ham,West Ham,West Ham,West Ham,Stoke City,Stoke City,Stoke City,West Bromwich,Seattle Sounders,retired,,,,,,,,,,,,,,,,,,,,,,,,,,,,,,,,,,,,,,,,,,,,,,,,,1958,1977,19
Gattuso,,,,,,,,,,,,,,,,,,,,,,,,,,,,,,,,,,,,,,,,,,,,,,,,,Perugia,Perugia,Glasgow Rangers,Salernitana,Milan,Milan,Milan,Milan,Milan,Milan,Milan,Milan,Milan,Milan,Milan,Milan,Milan,Sion,retired,,,,,,,,,,,,,1994,2013,19
Garrincha,,,,,,,Botafogo,Botafogo,Botafogo,Botafogo,Botafogo,Botafogo,Botafogo,Botafogo,Botafogo,Botafogo,Botafogo,Botafogo,Botafogo,Corinthians,Portuguesa Santista,Flamengo,retired,,,,,,,,,,,,,,,,,,,,,,,,,,,,,,,,,,,,,,,,,,,,,,,,,,,,,,,,,1952,1969,17
Gamarra,,,,,,,,,,,,,,,,,,,,,,,,,,,,,,,,,,,,,,,,,,,,,Cerro Porteño,Cerro Porteño,Cerro Porteño,Cerro Porteño,Internacional,Internacional,Benfica,Corinthians,Atlético Madrid,Flamengo,AEK,Inter,Inter,Inter,Palmeiras,Palmeiras,Olimpia,retired,,,,,,,,,,,,,,,,,,1990,2008,18
Fred,,,,,,,,,,,,,,,,,,,,,,,,,,,,,,,,,,,,,,,,,,,,,,,,,,,,,,,,,América-MG,Cruzeiro,Lyon,Lyon,Lyon,Lyon,Fluminense,Fluminense,Fluminense,Fluminense,Fluminense,Fluminense,Fluminense,Atlético-MG,Atlético-MG,Cruzeiro,Cruzeiro,Fluminense,Fluminense,Fluminense,retired,,,2002,2023,21
Figueroa,,,,,,,,,,,,,,,,,,La Calera,Santiago Wanderers,Santiago Wanderers,Peñarol,Peñarol,Peñarol,Peñarol,Internacional,Internacional,Internacional,Internacional,Internacional,Internacional,Palestino,Palestino,Palestino,Palestino,Fort Lauderdale Strikers,Colo-Colo,retired,,,,,,,,,,,,,,,,,,,,,,,,,,,,,,,,,,,,,,,,,,,1963,1983,20
Figo,,,,,,,,,,,,,,,,,,,,,,,,,,,,,,,,,,,,,,,,,,,Sporting,Sporting,Sporting,Sporting,Sporting,Sporting,Barcelona,Barcelona,Barcelona,Barcelona,Barcelona,Real Madrid,Real Madrid,Real Madrid,Real Madrid,Real Madrid,Inter,Inter,Inter,Inter,retired,,,,,,,,,,,,,,,,,1988,2009,21
Fernandão,,,,,,,,,,,,,,,,,,,,,,,,,,,,,,,,,,,,,,,,,,,,,,,,,Goiás,Goiás,Goiás,Goiás,Goiás,Goiás,Olympique Marselha,Olympique Marselha,Olympique Marselha,Toulouse,Internacional,Internacional,Internacional,Al Gharafa,Goiás,São Paulo,retired,,,,,,,,,,,,,,,1994,2011,17
Felipe Melo,,,,,,,,,,,,,,,,,,,,,,,,,,,,,,,,,,,,,,,,,,,,,,,,,,,,,,,Flamengo,Flamengo,Cruzeiro,Grêmio,Racing Santander,Racing Santander,Almería,Fiorentina,Juventus,Juventus,Galatasaray,Galatasaray,Galatasaray,Galatasaray,Inter,Inter,Palmeiras,Palmeiras,Palmeiras,Palmeiras,Palmeiras,Fluminense,Fluminense,,,2002,2025,23
Falcão,,,,,,,,,,,,,,,,,,,,,,,,,,,Internacional,Internacional,Internacional,Internacional,Internacional,Internacional,Internacional,Roma,Roma,Roma,Roma,Roma,São Paulo,retired,,,,,,,,,,,,,,,,,,,,,,,,,,,,,,,,,,,,,,,,1972,1986,14
Fábio,,,,,,,,,,,,,,,,,,,,,,,,,,,,,,,,,,,,,,,,,,,,,,,,,,,,Atlético-PR,Cruzeiro,Vasco,Vasco,Vasco,Vasco,Vasco,Cruzeiro,Cruzeiro,Cruzeiro,Cruzeiro,Cruzeiro,Cruzeiro,Cruzeiro,Cruzeiro,Cruzeiro,Cruzeiro,Cruzeiro,Cruzeiro,Cruzeiro,Cruzeiro,Cruzeiro,Cruzeiro,Cruzeiro,Fluminense,Fluminense,,,1999,2025,26
Evair,,,,,,,,,,,,,,,,,,,,,,,,,,,,,,,,,,,,,,,Guarani,Guarani,Guarani,Atalanta,Atalanta,Atalanta,Palmeiras,Palmeiras,Palmeiras,Palmeiras,Yokohama Flügels,Yokohama Flügels,Vasco,Portuguesa,Palmeiras,São Paulo,Coritiba,Goiás,Figueirense,retired,,,,,,,,,,,,,,,,,,,,,,1984,2004,20
Eusébio,,,,,,,,,,,Maxaquene,Maxaquene,Maxaquene,Benfica,Benfica,Benfica,Benfica,Benfica,Benfica,Benfica,Benfica,Benfica,Benfica,Benfica,Benfica,Benfica,Benfica,Benfica,Monterrey,Beira-Mar,retired,,,,,,,,,,,,,,,,,,,,,,,,,,,,,,,,,,,,,,,,,,,,,,,,,1956,1977,21
Eto'o,,,,,,,,,,,,,,,,,,,,,,,,,,,,,,,,,,,,,,,,,,,,,,,,,,,Real Madrid Castilla,Real Madrid Castilla,Leganés,Mallorca,Mallorca,Mallorca,Mallorca,Barcelona,Barcelona,Barcelona,Barcelona,Barcelona,Inter,Inter,Anzhi,Anzhi,Chelsea,Everton,Sampdoria,Sampdoria,Sampdoria,Konyaspor,retired,,,,,,,1996,2019,23
Essien,,,,,,,,,,,,,,,,,,,,,,,,,,,,,,,,,,,,,,,,,,,,,,,,,,,,,,Bastia,Bastia,Bastia,Lyon,Lyon,Chelsea,Chelsea,Chelsea,Chelsea,Chelsea,Chelsea,Chelsea,Real Madrid,Real Madrid,Milan,Panathinaikos,Panathinaikos,Persib Bandung,Persib Bandung,Sebail Klubu,retired,,,,,,1999,2020,21
Eriksen,,,,,,,,,,,,,,,,,,,,,,,,,,,,,,,,,,,,,,,,,,,,,,,,,,,,,,,,,,,,,,,,Ajax,Ajax,Ajax,Tottenham,Tottenham,Tottenham,Tottenham,Tottenham,Tottenham,Tottenham,Inter,Inter,Brentford,Manchester United,,,2011,2025,14
Elano,,,,,,,,,,,,,,,,,,,,,,,,,,,,,,,,,,,,,,,,,,,,,,,,,,,,,,,Santos,Santos,Santos,Santos,Shakhtar Donetsk,Shakhtar Donetsk,Manchester City,Manchester City,Galatasaray,Galatasaray,Santos,Grêmio,Grêmio,Flamengo,Santos,retired,,,,,,,,,,2000,2016,16
Edmundo,,,,,,,,,,,,,,,,,,,,,,,,,,,,,,,,,,,,,,,,,,,,,,Vasco,Palmeiras,Palmeiras,Flamengo,Corinthians,Vasco,Fiorentina,Vasco,Santos,Napoli,Tokyo Verdy,Urawa Red Diamonds,Fluminense,Figueirense,Palmeiras,Palmeiras,Vasco,retired,,,,,,,,,,,,,,,,,1991,2009,18
Eden Hazard,,,,,,,,,,,,,,,,,,,,,,,,,,,,,,,,,,,,,,,,,,,,,,,,,,,,,,,,,,,,,Lille,Lille,Lille,Lille,Lille,Chelsea,Chelsea,Chelsea,Chelsea,Chelsea,Chelsea,Chelsea,Real Madrid,Real Madrid,Real Madrid,Real Madrid,retired,,,2006,2023,17
Dzeko,,,,,,,,,,,,,,,,,,,,,,,,,,,,,,,,,,,,,,,,,,,,,,,,,,,,,,,,,Željezničar,Željezničar,Teplice,Teplice,Wolfsburg,Wolfsburg,Wolfsburg,Wolfsburg,Manchester City,Manchester City,Manchester City,Manchester City,Roma,Roma,Roma,Roma,Roma,Roma,Inter,Inter,Fenerbahçe,,,2004,2025,21
Dzagoyev,,,,,,,,,,,,,,,,,,,,,,,,,,,,,,,,,,,,,,,,,,,,,,,,,,,,,,,,,,,,Krylya Sovetov Samara,Krylya Sovetov Samara,CSKA,CSKA,CSKA,CSKA,CSKA,CSKA,CSKA,CSKA,CSKA,CSKA,CSKA,CSKA,CSKA,CSKA,Rubin Kazan,Rubin Kazan,,,2007,2025,18
Dybala,,,,,,,,,,,,,,,,,,,,,,,,,,,,,,,,,,,,,,,,,,,,,,,,,,,,,,,,,,,,,,,,,Instituto Córdoba,Palermo,Palermo,Palermo,Juventus,Juventus,Juventus,Juventus,Juventus,Juventus,Juventus,Roma,Roma,,,2012,2025,13
Dunga,,,,,,,,,,,,,,,,,,,,,,,,,,,,,,,,,,,,,Internacional,Corinthians,Corinthians,Santos,Pisa,Fiorentina,Fiorentina,Fiorentina,Fiorentina,Pescara,Stuttgart,Stuttgart,Jubilo Iwata,Jubilo Iwata,Jubilo Iwata,Jubilo Iwata,Internacional,retired,,,,,,,,,,,,,,,,,,,,,,,,,,1982,2000,18
Dudu,,,,,,,,,,,,,,,,,,,,,,,,,,,,,,,,,,,,,,,,,,,,,,,,,,,,,,,,,,,,,,,Cruzeiro,Coritiba,Dinamo Kiev,Dinamo Kiev,Dinamo Kiev,Grêmio,Palmeiras,Palmeiras,Palmeiras,Palmeiras,Palmeiras,Al Duhail,Palmeiras,Palmeiras,Palmeiras,Palmeiras,,2009,2025,16
Drogba,,,,,,,,,,,,,,,,,,,,,,,,,,,,,,,,,,,,,,,,,,,,,,,,,,,,Le Mans,Le Mans,Le Mans,Le Mans,Guingamp,Olympique Marselha,Chelsea,Chelsea,Chelsea,Chelsea,Chelsea,Chelsea,Chelsea,Chelsea,Shanghai Shenhua,Galatasaray,Chelsea,Montreal Impact,Montreal Impact,Phoenix Rising,retired,,,,,,,,1997,2018,21
Driussi,,,,,,,,,,,,,,,,,,,,,,,,,,,,,,,,,,,,,,,,,,,,,,,,,,,,,,,,,,,,,,,,,,,River Plate,River Plate,River Plate,River Plate,Zenit,Zenit,Zenit,Zenit,Austin FC,Austin FC,Austin FC,,,2014,2025,11
Dodô,,,,,,,,,,,,,,,,,,,,,,,,,,,,,,,,,,,,,,,,,,,,,,Nacional SP,Nacional SP,Fluminense,São Paulo,São Paulo,São Paulo,São Paulo,Santos,Santos,Botafogo,Palmeiras,Ulsan Hyundai,Ulsan Hyundai,Goiás,Botafogo,Botafogo,Fluminense,Fluminense,Vasco,Portuguesa,retired,,,,,,,,,,,,,,1991,2012,21
Djalminha,,,,,,,,,,,,,,,,,,,,,,,,,,,,,,,,,,,,,,,,,,,Flamengo,Flamengo,Flamengo,Flamengo,Guarani,Shimizu S-Pulse,Guarani,Palmeiras,La Coruna,La Coruna,La Coruna,La Coruna,La Coruna,Austria Viena,La Coruna,retired,,,,,,,,,,,,,,,,,,,,,,1988,2004,16
Dino Zoff,,,,,,,,,,,,,,,Udinese,Udinese,Mantova,Mantova,Mantova,Mantova,Napoli,Napoli,Napoli,Napoli,Napoli,Juventus,Juventus,Juventus,Juventus,Juventus,Juventus,Juventus,Juventus,Juventus,Juventus,Juventus,retired,,,,,,,,,,,,,,,,,,,,,,,,,,,,,,,,,,,,,,,,,,,1960,1983,23
Didi,Madureira,Madureira,Fluminense,Fluminense,Fluminense,Fluminense,Fluminense,Fluminense,Fluminense,Botafogo,Botafogo,Botafogo,Real Madrid,Botafogo,Botafogo,Botafogo,Sporting Cristal,Botafogo,Veracruz,retired,,,,,,,,,,,,,,,,,,,,,,,,,,,,,,,,,,,,,,,,,,,,,,,,,,,,,,,,,,,,1946,1966,20
Dida,,,,,,,,,,,,,,,,,,,,,,,,,,,,,,,,,,,,,,,,,,,,,,Vitória,Vitória,Cruzeiro,Cruzeiro,Cruzeiro,Cruzeiro,Cruzeiro,Corinthians,Corinthians,Corinthians,Milan,Milan,Milan,Milan,Milan,Milan,Milan,Milan,Milan,Milan,Portuguesa,Grêmio,Internacional,retired,,,,,,,,,,,1991,2015,24
Di Maria,,,,,,,,,,,,,,,,,,,,,,,,,,,,,,,,,,,,,,,,,,,,,,,,,,,,,,,,,,,Rosario Central,Rosario Central,Benfica,Benfica,Benfica,Real Madrid,Real Madrid,Real Madrid,Real Madrid,Manchester United,PSG,PSG,PSG,PSG,PSG,PSG,PSG,Juventus,Benfica,,,2006,2025,19
Desailly,,,,,,,,,,,,,,,,,,,,,,,,,,,,,,,,,,,,,,,,Nantes,Nantes,Nantes,Nantes,Nantes,Nantes,Olympique Marselha,Nantes,Nantes,Nantes,Nantes,Nantes,Chelsea,Chelsea,Chelsea,Chelsea,Chelsea,Chelsea,Al Gharafa,Qatar Sports Club,retired,,,,,,,,,,,,,,,,,,,,1985,2006,21
Des Bremmer,,,,,,,,,,,,,,,,,,,,,,,,,,Hibernian,Hibernian,Hibernian,Hibernian,Hibernian,Hibernian,Hibernian,Aston Villa,Aston Villa,Aston Villa,Aston Villa,Aston Villa,Birmingham,Birmingham,Birmingham,Birmingham,Birmingham,Fulham,Walsall,Stafford Rangers,retired,,,,,,,,,,,,,,,,,,,,,,,,,,,,,,,,,,1971,1992,21
Depay,,,,,,,,,,,,,,,,,,,,,,,,,,,,,,,,,,,,,,,,,,,,,,,,,,,,,,,,,,,,,,,,,PSV,PSV,PSV,PSV,Manchester United,Manchester United,Lyon,Lyon,Lyon,Lyon,Barcelona,Barcelona,Atlético Madrid,,,2012,2025,13
Denis Law,,,,,,,,,,Huddersfield Town,Huddersfield Town,Huddersfield Town,Huddersfield Town,Manchester City,Torino,Manchester United,Manchester United,Manchester United,Manchester United,Manchester United,Manchester United,Manchester United,Manchester United,Manchester United,Manchester United,Manchester United,Manchester City,retired,,,,,,,,,,,,,,,,,,,,,,,,,,,,,,,,,,,,,,,,,,,,,,,,,,,,1955,1974,19
Denilson,,,,,,,,,,,,,,,,,,,,,,,,,,,,,,,,,,,,,,,,,,,,,,,,São Paulo,São Paulo,São Paulo,São Paulo,Real Betis,Real Betis,Flamengo,Real Betis,Real Betis,Real Betis,Real Betis,Bordeaux,Al Nassr,FC Dallas,Palmeiras,Itumbiara,retired,,,,,,,,,,,,,,,,1993,2010,17
Del Piero,,,,,,,,,,,,,,,,,,,,,,,,,,,,,,,,,,,,,,,,,,,,,Padova,Padova,Juventus,Juventus,Juventus,Juventus,Juventus,Juventus,Juventus,Juventus,Juventus,Juventus,Juventus,Juventus,Juventus,Juventus,Juventus,Juventus,Juventus,Juventus,Juventus,Sydney FC,Sydney FC,Odisha FC,retired,,,,,,,,,,,1990,2015,25
Deco,,,,,,,,,,,,,,,,,,,,,,,,,,,,,,,,,,,,,,,,,,,,,,,,,,Corinthians,Alverca,Salgueiros,Porto,Porto,Porto,Porto,Porto,Barcelona,Barcelona,Barcelona,Barcelona,Chelsea,Chelsea,Fluminense,Fluminense,Fluminense,retired,,,,,,,,,,,,,1995,2013,18
De Bruyne,,,,,,,,,,,,,,,,,,,,,,,,,,,,,,,,,,,,,,,,,,,,,,,,,,,,,,,,,,,,,,Genk,Genk,Genk,Genk,Werder Bremen,Chelsea,Wolfsburg,Manchester City,Manchester City,Manchester City,Manchester City,Manchester City,Manchester City,Manchester City,Manchester City,Manchester City,,,2009,2025,16
David Villa,,,,,,,,,,,,,,,,,,,,,,,,,,,,,,,,,,,,,,,,,,,,,,,,,,,,,,,Sporting de Gijón,Sporting de Gijón,Real Zaragoza,Real Zaragoza,Valencia,Valencia,Valencia,Valencia,Valencia,Barcelona,Barcelona,Barcelona,Atlético Madrid,NY City,NY City,NY City,NY City,Vissel Kobe,Vissel Kobe,retired,,,,,,2000,2020,20
David Silva,,,,,,,,,,,,,,,,,,,,,,,,,,,,,,,,,,,,,,,,,,,,,,,,,,,,,,,,,,Eibar,Celta de Vigo,Valencia,Valencia,Valencia,Valencia,Manchester City,Manchester City,Manchester City,Manchester City,Manchester City,Manchester City,Manchester City,Manchester City,Manchester City,Manchester City,Real Sociedad,Real Sociedad,Real Sociedad,Real Sociedad,,,2005,2025,20
Danilo,,,,,,,,,,,,,,,,,,,,,,,,,,,,,,,,,,,,,,,,,,,,,,,,,,,,,,,,,,,,,,América-MG,América-MG,Santos,Porto,Porto,Porto,Porto,Real Madrid,Real Madrid,Manchester City,Manchester City,Juventus,Juventus,Juventus,Juventus,Juventus,,,2009,2025,16
Dagoberto,,,,,,,,,,,,,,,,,,,,,,,,,,,,,,,,,,,,,,,,,,,,,,,,,,,,,,,Atlético-PR,Atlético-PR,Atlético-PR,Atlético-PR,Atlético-PR,Atlético-PR,São Paulo,São Paulo,São Paulo,São Paulo,São Paulo,Internacional,Cruzeiro,Cruzeiro,Vasco,Vitória,San Francisco Deltas,Londrina,retired,,,,,,,2000,2019,19
Cubillas,,,,,,,,,,,,,,,,,,,,Alianza Lima,Alianza Lima,Alianza Lima,Alianza Lima,Alianza Lima,Alianza Lima,Alianza Lima,Basel,Alianza Lima,Alianza Lima,Alianza Lima,Alianza Lima,Alianza Lima,Fort Lauderdale Strikers,Fort Lauderdale Strikers,Fort Lauderdale Strikers,Fort Lauderdale Strikers,Fort Lauderdale Strikers,retired,,,,,,,,,,,,,,,,,,,,,,,,,,,,,,,,,,,,,,,,,,1965,1984,19
Cruijff,,,,,,,,,,,,,,,,,,Ajax,Ajax,Ajax,Ajax,Ajax,Ajax,Ajax,Ajax,Ajax,Barcelona,Barcelona,Barcelona,Barcelona,Barcelona,Barcelona,Los Angeles Aztecs,Washington Diplomats,Ajax,Ajax,Feyenoord,retired,,,,,,,,,,,,,,,,,,,,,,,,,,,,,,,,,,,,,,,,,,1963,1984,21
Crespo,,,,,,,,,,,,,,,,,,,,,,,,,,,,,,,,,,,,,,,,,,,,,,,River Plate,River Plate,River Plate,Parma,Parma,Parma,Parma,Lazio,Lazio,Inter,Chelsea,Milan,Chelsea,Inter,Inter,Inter,Genoa,Parma,Parma,retired,,,,,,,,,,,,,,1992,2012,20
Courtois,,,,,,,,,,,,,,,,,,,,,,,,,,,,,,,,,,,,,,,,,,,,,,,,,,,,,,,,,,,,,,,Genk,Genk,Atlético Madrid,Atlético Madrid,Atlético Madrid,Chelsea,Chelsea,Chelsea,Chelsea,Real Madrid,Real Madrid,Real Madrid,Real Madrid,Real Madrid,Real Madrid,,,2010,2025,15
Costinha,,,,,,,,,,,,,,,,,,,,,,,,,,,,,,,,,,,,,,,,,,,,,,,Oriental,Oriental,Radium,Nacional Madeira,Monaco,Monaco,Monaco,Monaco,Porto,Porto,Porto,Porto,Dinamo Moscou,Atlético Madrid,Atalanta,Atalanta,Atalanta,retired,,,,,,,,,,,,,,,,1992,2010,18
Costacurta,,,,,,,,,,,,,,,,,,,,,,,,,,,,,,,,,,,,,,,,Monza,Milan,Milan,Milan,Milan,Milan,Milan,Milan,Milan,Milan,Milan,Milan,Milan,Milan,Milan,Milan,Milan,Milan,Milan,Milan,Milan,retired,,,,,,,,,,,,,,,,,,,1985,2007,22
Conca,,,,,,,,,,,,,,,,,,,,,,,,,,,,,,,,,,,,,,,,,,,,,,,,,,,,,,,River Plate,River Plate,River Plate,Univ. Católica,Univ. Católica,Rosario Central,Vasco,Fluminense,Fluminense,Fluminense,Guangzhou,Guangzhou,Guangzhou,Fluminense,Shanghai Port,Shanghai Port,Radium,Shanghai Port,retired,,,,,,,2000,2019,19
Claudinho,,,,,,,,,,,,,,,,,,,,,,,,,,,,,,,,,,,,,,,,,,,,,,,,,,,,,,,,,,,,,,,,,,,,,,Bragantino,Santo André,Oeste,Bragantino,Bragantino,Zenit,Zenit,Zenit,,,2017,2025,8
Chilavert,,,,,,,,,,,,,,,,,,,,,,,,,,,,,,,,,,,,Sportivo Luqueño,Sportivo Luqueño,Club Guaraní,San Lorenzo,San Lorenzo,San Lorenzo,Real Zaragoza,Real Zaragoza,Real Zaragoza,Vélez Sarsfield,Vélez Sarsfield,Vélez Sarsfield,Vélez Sarsfield,Vélez Sarsfield,Vélez Sarsfield,Vélez Sarsfield,Vélez Sarsfield,Vélez Sarsfield,Strasbourg,Strasbourg,Peñarol,Peñarol,Vélez Sarsfield,retired,,,,,,,,,,,,,,,,,,,,,1981,2005,24
Chiesa,,,,,,,,,,,,,,,,,,,,,,,,,,,,,,,,,,,,,,,,,,,,,,,,,,,,,,,,,,,,,,,,,,,,,,Fiorentina,Fiorentina,Fiorentina,Fiorentina,Juventus,Juventus,Juventus,Juventus,,,2017,2025,8
Chiellini,,,,,,,,,,,,,,,,,,,,,,,,,,,,,,,,,,,,,,,,,,,,,,,,,,,,,,Livorno,Livorno,Livorno,Livorno,Fiorentina,Juventus,Juventus,Juventus,Juventus,Juventus,Juventus,Juventus,Juventus,Juventus,Juventus,Juventus,Juventus,Juventus,Juventus,Juventus,Juventus,Juventus,Los Angeles FC,Los Angeles FC,,,2001,2025,24
Chicharito,,,,,,,,,,,,,,,,,,,,,,,,,,,,,,,,,,,,,,,,,,,,,,,,,,,,,,,,,,,,Chivas Guadalajara,Chivas Guadalajara,Chivas Guadalajara,Chivas Guadalajara,Manchester United,Manchester United,Manchester United,Manchester United,Real Madrid,Bayer Leverkusen,Bayer Leverkusen,West Ham,West Ham,Sevilla,LA Galaxy,LA Galaxy,LA Galaxy,LA Galaxy,,,2007,2025,18
Cavani,,,,,,,,,,,,,,,,,,,,,,,,,,,,,,,,,,,,,,,,,,,,,,,,,,,,,,,,,,,Danubio,Danubio,Palermo,Palermo,Palermo,Napoli,Napoli,Napoli,PSG,PSG,PSG,PSG,PSG,PSG,PSG,Manchester United,Manchester United,Valencia,Boca Juniors,,,2006,2025,19
Cassio,,,,,,,,,,,,,,,,,,,,,,,,,,,,,,,,,,,,,,,,,,,,,,,,,,,,,,,,,,,,Grêmio,PSV,PSV,Sparta Rotterdam,PSV,PSV,Corinthians,Corinthians,Corinthians,Corinthians,Corinthians,Corinthians,Corinthians,Corinthians,Corinthians,Corinthians,Corinthians,Corinthians,,,2007,2025,18
Casillas,,,,,,,,,,,,,,,,,,,,,,,,,,,,,,,,,,,,,,,,,,,,,,,,,,,,,Real Madrid Castilla,Real Madrid,Real Madrid,Real Madrid,Real Madrid,Real Madrid,Real Madrid,Real Madrid,Real Madrid,Real Madrid,Real Madrid,Real Madrid,Real Madrid,Real Madrid,Real Madrid,Real Madrid,Porto,Porto,Porto,Porto,Porto,retired,,,,,,1998,2020,22
Casemiro,,,,,,,,,,,,,,,,,,,,,,,,,,,,,,,,,,,,,,,,,,,,,,,,,,,,,,,,,,,,,,,,São Paulo,São Paulo,São Paulo,Real Madrid,Porto,Real Madrid,Real Madrid,Real Madrid,Real Madrid,Real Madrid,Real Madrid,Real Madrid,Manchester United,Manchester United,,,2011,2025,14
Careca,,,,,,,,,,,,,,,,,,,,,,,,,,,,,,,,Guarani,Guarani,Guarani,Guarani,Guarani,São Paulo,São Paulo,São Paulo,São Paulo,Napoli,Napoli,Napoli,Napoli,Napoli,Napoli,Napoli,Kashiwa Reysol,Kashiwa Reysol,Kashiwa Reysol,Santos,retired,,,,,,,,,,,,,,,,,,,,,,,,,,,,1977,1998,21
Cannavaro,,,,,,,,,,,,,,,,,,,,,,,,,,,,,,,,,,,,,,,,,,,,,,Napoli,Napoli,Napoli,Parma,Parma,Parma,Parma,Parma,Parma,Parma,Inter,Inter,Juventus,Juventus,Real Madrid,Real Madrid,Real Madrid,Juventus,Al Ahli,retired,,,,,,,,,,,,,,,1991,2011,20
Cañizares,,,,,,,,,,,,,,,,,,,,,,,,,,,,,,,,,,,,,,,,,,Real Madrid Castilla,Real Madrid Castilla,Elche,Mérida,Celta de Vigo,Celta de Vigo,Real Madrid,Real Madrid,Real Madrid,Real Madrid,Valencia,Valencia,Valencia,Valencia,Valencia,Valencia,Valencia,Valencia,Valencia,Valencia,retired,,,,,,,,,,,,,,,,,,1987,2008,21
Cambiasso,,,,,,,,,,,,,,,,,,,,,,,,,,,,,,,,,,,,,,,,,,,,,,,,,,,,Independiente,Independiente,Independiente,River Plate,Real Madrid,Real Madrid,Inter,Inter,Inter,Inter,Inter,Inter,Inter,Inter,Inter,Inter,Leicester,Olympiacos,Olympiacos,retired,,,,,,,,,1997,2017,20
Cafu,,,,,,,,,,,,,,,,,,,,,,,,,,,,,,,,,,,,,,,,,,,São Paulo,São Paulo,São Paulo,São Paulo,São Paulo,Real Zaragoza,Palmeiras,Palmeiras,Roma,Roma,Roma,Roma,Roma,Roma,Milan,Milan,Milan,Milan,Milan,retired,,,,,,,,,,,,,,,,,,1988,2008,20
Cabañas,,,,,,,,,,,,,,,,,,,,,,,,,,,,,,,,,,,,,,,,,,,,,,,,,,,,12 de Octubre,Club Guaraní,Club Guaraní,Audax Italiano,Audax Italiano,Jaguares Chiapas,Jaguares Chiapas,Jaguares Chiapas,América-MEX,América-MEX,América-MEX,América-MEX,retired,,,,,,,,,,,,,,,,1997,2010,13
Butragueño,,,,,,,,,,,,,,,,,,,,,,,,,,,,,,,,,,,,Real Madrid Castilla,Real Madrid Castilla,Real Madrid,Real Madrid,Real Madrid,Real Madrid,Real Madrid,Real Madrid,Real Madrid,Real Madrid,Real Madrid,Real Madrid,Real Madrid,Atlético Celaya,Atlético Celaya,Atlético Celaya,retired,,,,,,,,,,,,,,,,,,,,,,,,,,,,1981,1998,17
Busquets,,,,,,,,,,,,,,,,,,,,,,,,,,,,,,,,,,,,,,,,,,,,,,,,,,,,,,,,,,,,,,Barcelona,Barcelona,Barcelona,Barcelona,Barcelona,Barcelona,Barcelona,Barcelona,Barcelona,Barcelona,Barcelona,Barcelona,Barcelona,Barcelona,Barcelona,Inter Miami,,,2009,2025,16
Buffon,,,,,,,,,,,,,,,,,,,,,,,,,,,,,,,,,,,,,,,,,,,,,,,,,Parma,Parma,Parma,Parma,Parma,Parma,Juventus,Juventus,Juventus,Juventus,Juventus,Juventus,Juventus,Juventus,Juventus,Juventus,Juventus,Juventus,Juventus,Juventus,Juventus,Juventus,Juventus,PSG,Juventus,Juventus,Parma,Parma,Parma,retired,,1994,2024,30
Bruno Fernandes,,,,,,,,,,,,,,,,,,,,,,,,,,,,,,,,,,,,,,,,,,,,,,,,,,,,,,,,,,,,,,,,,,Novara,Udinese,Udinese,Udinese,Sampdoria,Sporting,Sporting,Sporting,Manchester United,Manchester United,Manchester United,Manchester United,,,2013,2025,12
Brozovic,,,,,,,,,,,,,,,,,,,,,,,,,,,,,,,,,,,,,,,,,,,,,,,,,,,,,,,,,,,,,,,,,NK Zagreb,Dinamo Zagreb,Dinamo Zagreb,Dinamo Zagreb,Inter,Inter,Inter,Inter,Inter,Inter,Inter,Inter,Al Ittihad,,,2012,2025,13
Breitner,,,,,,,,,,,,,,,,,,,,,,,,Bayern Munique,Bayern Munique,Bayern Munique,Bayern Munique,Real Madrid,Real Madrid,Real Madrid,Eintracht Braunschweiger,Bayern Munique,Bayern Munique,Bayern Munique,Bayern Munique,Bayern Munique,retired,,,,,,,,,,,,,,,,,,,,,,,,,,,,,,,,,,,,,,,,,,,1969,1983,14
Branco,,,,,,,,,,,,,,,,,,,,,,,,,,,,,,,,,,,Internacional,Fluminense,Fluminense,Fluminense,Fluminense,Brescia,Brescia,Brescia,Porto,Porto,Genoa,Genoa,Grêmio,Corinthians,Flamengo,Middlesbrough,NY Red Bulls,retired,,,,,,,,,,,,,,,,,,,,,,,,,,,,1980,1998,18
Bonucci,,,,,,,,,,,,,,,,,,,,,,,,,,,,,,,,,,,,,,,,,,,,,,,,,,,,,,,,,,,,,Treviso,Pisa,Bari,Juventus,Juventus,Juventus,Juventus,Juventus,Juventus,Juventus,Milan,Juventus,Juventus,Juventus,Juventus,Juventus,Union Berlin,,,2008,2025,17
Boniek,,,,,,,,,,,,,,,,,,,,,,,,,,,,,Widzew lódź,Widzew lódź,Widzew lódź,Widzew lódź,Widzew lódź,Widzew lódź,Widzew lódź,Juventus,Juventus,Juventus,Roma,Roma,Roma,retired,,,,,,,,,,,,,,,,,,,,,,,,,,,,,,,,,,,,,,1974,1988,14
Bergkamp,,,,,,,,,,,,,,,,,,,,,,,,,,,,,,,,,,,,,,,,Ajax,Ajax,Ajax,Ajax,Ajax,Ajax,Ajax,Inter,Inter,Arsenal,Arsenal,Arsenal,Arsenal,Arsenal,Arsenal,Arsenal,Arsenal,Arsenal,Arsenal,Arsenal,retired,,,,,,,,,,,,,,,,,,,,1985,2006,21
Benzema,,,,,,,,,,,,,,,,,,,,,,,,,,,,,,,,,,,,,,,,,,,,,,,,,,,,,,,,,,,Lyon,Lyon,Lyon,Lyon,Real Madrid,Real Madrid,Real Madrid,Real Madrid,Real Madrid,Real Madrid,Real Madrid,Real Madrid,Real Madrid,Real Madrid,Real Madrid,Real Madrid,Real Madrid,Real Madrid,Al Ittihad,,,2006,2025,19
Bellini,,,,,,Vasco,Vasco,Vasco,Vasco,Vasco,Vasco,Vasco,Vasco,Vasco,Vasco,São Paulo,São Paulo,São Paulo,São Paulo,São Paulo,São Paulo,Atlético-PR,retired,,,,,,,,,,,,,,,,,,,,,,,,,,,,,,,,,,,,,,,,,,,,,,,,,,,,,,,,,1951,1969,18
Bellingham,,,,,,,,,,,,,,,,,,,,,,,,,,,,,,,,,,,,,,,,,,,,,,,,,,,,,,,,,,,,,,,,,,,,,,,,,Birmingham,Borussia Dortmund,Borussia Dortmund,Borussia Dortmund,Real Madrid,,,2020,2025,5
Belletti,,,,,,,,,,,,,,,,,,,,,,,,,,,,,,,,,,,,,,,,,,,,,,,,Cruzeiro,Cruzeiro,São Paulo,São Paulo,São Paulo,Atlético-MG,São Paulo,São Paulo,Villarreal,Villarreal,Barcelona,Barcelona,Barcelona,Chelsea,Chelsea,Chelsea,Fluminense,retired,,,,,,,,,,,,,,,1993,2011,18
Beckham,,,,,,,,,,,,,,,,,,,,,,,,,,,,,,,,,,,,,,,,,,,,,,,Manchester United,Manchester United,Manchester United,Manchester United,Manchester United,Manchester United,Manchester United,Manchester United,Manchester United,Manchester United,Real Madrid,Real Madrid,Real Madrid,Real Madrid,LA Galaxy,LA Galaxy,Milan,Milan,LA Galaxy,LA Galaxy,PSG,retired,,,,,,,,,,,,1992,2014,22
Beckenbauer,,,,,,,,,,,,,,,,,,Bayern Munique,Bayern Munique,Bayern Munique,Bayern Munique,Bayern Munique,Bayern Munique,Bayern Munique,Bayern Munique,Bayern Munique,Bayern Munique,Bayern Munique,Bayern Munique,Bayern Munique,NY Cosmos,NY Cosmos,NY Cosmos,Hamburgo,Hamburgo,Hamburgo,NY Cosmos,retired,,,,,,,,,,,,,,,,,,,,,,,,,,,,,,,,,,,,,,,,,,1963,1984,21
Bebeto,,,,,,,,,,,,,,,,,,,,,,,,,,,,,,,,,,,,Vitória,Flamengo,Flamengo,Flamengo,Flamengo,Flamengo,Flamengo,Vasco,Vasco,Vasco,La Coruna,La Coruna,La Coruna,La Coruna,Flamengo,Vasco,Botafogo,Botafogo,Kashima Antlers,Vasco,Al Ittihad,retired,,,,,,,,,,,,,,,,,,,,,,,1981,2003,22
Batistuta,,,,,,,,,,,,,,,,,,,,,,,,,,,,,,,,,,,,,,,,,,Newell's Old Boys,River Plate,Boca Juniors,Fiorentina,Fiorentina,Fiorentina,Fiorentina,Fiorentina,Fiorentina,Fiorentina,Fiorentina,Fiorentina,Roma,Roma,Roma,Al Arabi,Al Arabi,retired,,,,,,,,,,,,,,,,,,,,,1987,2005,18
Barthez,,,,,,,,,,,,,,,,,,,,,,,,,,,,,,,,,,,,,,,,,,,,Toulouse,Toulouse,Olympique Marselha,Olympique Marselha,Olympique Marselha,Monaco,Monaco,Monaco,Monaco,Monaco,Manchester United,Manchester United,Manchester United,Olympique Marselha,Olympique Marselha,Olympique Marselha,Nantes,retired,,,,,,,,,,,,,,,,,,,1989,2007,18
Barovero,,,,,,,,,,,,,,,,,,,,,,,,,,,,,,,,,,,,,,,,,,,,,,,,,,,,,,,,,Atlético Rafaela,Atlético Rafaela,Atlético Rafaela,Atlético Rafaela,Huracán,Vélez Sarsfield,Vélez Sarsfield,Vélez Sarsfield,Vélez Sarsfield,River Plate,River Plate,River Plate,River Plate,Necaxa,Necaxa,Monterrey,Monterrey,Burgos,San Luis,San Luis,Banfield,,,2004,2025,21
Baresi,,,,,,,,,,,,,,,,,,,,,,,,,,,,,,,Milan,Milan,Milan,Milan,Milan,Milan,Milan,Milan,Milan,Milan,Milan,Milan,Milan,Milan,Milan,Milan,Milan,Milan,Milan,Milan,retired,,,,,,,,,,,,,,,,,,,,,,,,,,,,,1976,1997,21
Banega,,,,,,,,,,,,,,,,,,,,,,,,,,,,,,,,,,,,,,,,,,,,,,,,,,,,,,,,,,,,,Boca Juniors,Atlético Madrid,Valencia,Valencia,Valencia,Valencia,Valencia,Newell's Old Boys,Sevilla,Inter,Sevilla,Sevilla,Sevilla,Al Shabab,Al Shabab,Al Shabab,Al Shabab,,,2008,2025,17
Ballack,,,,,,,,,,,,,,,,,,,,,,,,,,,,,,,,,,,,,,,,,,,,,,,,,Chemnitzer,Chemnitzer,Kaiserslautern,Kaiserslautern,Bayer Leverkusen,Bayer Leverkusen,Bayer Leverkusen,Bayern Munique,Bayern Munique,Bayern Munique,Bayern Munique,Chelsea,Chelsea,Chelsea,Chelsea,Bayer Leverkusen,Bayer Leverkusen,retired,,,,,,,,,,,,,,1994,2012,18
Aubameyang,,,,,,,,,,,,,,,,,,,,,,,,,,,,,,,,,,,,,,,,,,,,,,,,,,,,,,,,,,,,,,Dijon,Lille,Monaco,Saint-Etienne,Saint-Etienne,Borussia Dortmund,Borussia Dortmund,Borussia Dortmund,Borussia Dortmund,Borussia Dortmund,Arsenal,Arsenal,Arsenal,Arsenal,Barcelona,Chelsea,,,2009,2025,16
Asprilla,,,,,,,,,,,,,,,,,,,,,,,,,,,,,,,,,,,,,,,,,,Cúcuta,Atlético Nacional,Atlético Nacional,Atlético Nacional,Parma,Parma,Parma,Parma,Newcastle,Newcastle,Parma,Palmeiras,Fluminense,Atlante,Atlético Nacional,LaU,retired,,,,,,,,,,,,,,,,,,,,,,1987,2004,17
Ashley Cole,,,,,,,,,,,,,,,,,,,,,,,,,,,,,,,,,,,,,,,,,,,,,,,,,,,,,Crystal Palace,Arsenal,Arsenal,Arsenal,Arsenal,Arsenal,Arsenal,Chelsea,Chelsea,Chelsea,Chelsea,Chelsea,Chelsea,Chelsea,Chelsea,Roma,Roma,LA Galaxy,LA Galaxy,LA Galaxy,Derby County,retired,,,,,,1998,2020,22
Arrascaeta,,,,,,,,,,,,,,,,,,,,,,,,,,,,,,,,,,,,,,,,,,,,,,,,,,,,,,,,,,,,,,,,,,Defensor,Defensor,Defensor,Cruzeiro,Cruzeiro,Cruzeiro,Cruzeiro,Flamengo,Flamengo,Flamengo,Flamengo,Flamengo,,,2013,2025,12
Arce,,,,,,,,,,,,,,,,,,,,,,,,,,,,,,,,,,,,,,,,,,,Cerro Porteño,Cerro Porteño,Cerro Porteño,Cerro Porteño,Cerro Porteño,Cerro Porteño,Grêmio,Grêmio,Grêmio,Palmeiras,Palmeiras,Palmeiras,Palmeiras,Palmeiras,Gamba Osaka,Libertad,Libertad,12 de Octubre,retired,,,,,,,,,,,,,,,,,,,1988,2007,19
Aránguiz,,,,,,,,,,,,,,,,,,,,,,,,,,,,,,,,,,,,,,,,,,,,,,,,,,,,,,,,,,,,Cobreloa,Cobresal,Cobreloa,Colo-Colo,Quilmes,LaU,LaU,LaU,Internacional,Bayer Leverkusen,Bayer Leverkusen,Bayer Leverkusen,Bayer Leverkusen,Bayer Leverkusen,Bayer Leverkusen,Bayer Leverkusen,Bayer Leverkusen,Internacional,,,2007,2025,18
Amoroso,,,,,,,,,,,,,,,,,,,,,,,,,,,,,,,,,,,,,,,,,,,,,,Tokyo Verdy,Guarani,Guarani,Guarani,Flamengo,Udinese,Udinese,Parma,Parma,Borussia Dortmund,Borussia Dortmund,Borussia Dortmund,Málaga,São Paulo,Corinthians,Grêmio,ARIS Tessalônica,Guarani,retired,,,,,,,,,,,,,,,,1991,2010,19
Ambrosini,,,,,,,,,,,,,,,,,,,,,,,,,,,,,,,,,,,,,,,,,,,,,,,,Cesena,Milan,Milan,Vicenza,Milan,Milan,Milan,Milan,Milan,Milan,Milan,Milan,Milan,Milan,Milan,Milan,Milan,Milan,Milan,Fiorentina,retired,,,,,,,,,,,,1993,2014,21
Allan Evans,,,,,,,,,,,,,,,,,,,,,,,,,,,Dunfermline Athletic,Dunfermline Athletic,Dunfermline Athletic,Dunfermline Athletic,Aston Villa,Aston Villa,Aston Villa,Aston Villa,Aston Villa,Aston Villa,Aston Villa,Aston Villa,Aston Villa,Aston Villa,Aston Villa,Aston Villa,Leicester,retired,,,,,,,,,,,,,,,,,,,,,,,,,,,,,,,,,,,,1972,1990,18
Alisson,,,,,,,,,,,,,,,,,,,,,,,,,,,,,,,,,,,,,,,,,,,,,,,,,,,,,,,,,,,,,,,,,,,Internacional,Internacional,Internacional,Roma,Roma,Liverpool,Liverpool,Liverpool,Liverpool,Liverpool,Liverpool,,,2014,2025,11
Alex Telles,,,,,,,,,,,,,,,,,,,,,,,,,,,,,,,,,,,,,,,,,,,,,,,,,,,,,,,,,,,,,,,,,Juventude,Juventude,Grêmio,Galatasaray,Inter,Porto,Porto,Porto,Porto,Manchester United,,Sevilla,Al Nassr,,,2013,2025,12
Alex Sandro,,,,,,,,,,,,,,,,,,,,,,,,,,,,,,,,,,,,,,,,,,,,,,,,,,,,,,,,,,,,,,Atlético-PR,Atlético-PR,Santos,Porto,Porto,Porto,Porto,Juventus,Juventus,Juventus,Juventus,Juventus,Juventus,Juventus,Juventus,Juventus,,,2009,2025,16
Alex,,,,,,,,,,,,,,,,,,,,,,,,,,,,,,,,,,,,,,,,,,,,,,,,,Coritiba,Coritiba,Palmeiras,Palmeiras,Palmeiras,Parma,Palmeiras,Cruzeiro,Cruzeiro,Fenerbahçe,Fenerbahçe,Fenerbahçe,Fenerbahçe,Fenerbahçe,Fenerbahçe,Fenerbahçe,Fenerbahçe,Fenerbahçe,Coritiba,retired,,,,,,,,,,,,1994,2014,20
Alario,,,,,,,,,,,,,,,,,,,,,,,,,,,,,,,,,,,,,,,,,,,,,,,,,,,,,,,,,,,,,,,,,Colón,Colón,Colón,Colón,River Plate,River Plate,Bayer Leverkusen,Bayer Leverkusen,Bayer Leverkusen,Bayer Leverkusen,Bayer Leverkusen,Eintracht Frankfurt,Eintracht Frankfurt,,,2012,2025,13
Alaba,,,,,,,,,,,,,,,,,,,,,,,,,,,,,,,,,,,,,,,,,,,,,,,,,,,,,,,,,,,,,,,Bayern Munique II,Bayern Munique,Hoffenheim,Bayern Munique,Bayern Munique,Bayern Munique,Bayern Munique,Bayern Munique,Bayern Munique,Bayern Munique,Bayern Munique,Bayern Munique,Real Madrid,Real Madrid,Real Madrid,,,2010,2025,15
Akinfeev,,,,,,,,,,,,,,,,,,,,,,,,,,,,,,,,,,,,,,,,,,,,,,,,,,,,,,,,,CSKA,CSKA,CSKA,CSKA,CSKA,CSKA,CSKA,CSKA,CSKA,CSKA,CSKA,CSKA,CSKA,CSKA,CSKA,CSKA,CSKA,CSKA,CSKA,CSKA,CSKA,,,2004,2025,21
Aimar,,,,,,,,,,,,,,,,,,,,,,,,,,,,,,,,,,,,,,,,,,,,,,,,,,,River Plate,River Plate,River Plate,River Plate,Valencia,Valencia,Valencia,Valencia,Valencia,Real Zaragoza,Real Zaragoza,Benfica,Benfica,Benfica,Benfica,Benfica,Johor Darul Ta'zim,retired,,,,,,,,,,,,1996,2014,18
Agustín,,,,,,,,,,,,,,,,,,,,,,,,,,,,,,,,Real Madrid Castilla,Real Madrid Castilla,Real Madrid,Real Madrid,Real Madrid,Real Madrid,Real Madrid,Real Madrid,Real Madrid,Real Madrid,Real Madrid,Real Madrid,Tenerife,Tenerife,Tenerife,Tenerife,retired,,,,,,,,,,,,,,,,,,,,,,,,,,,,,,,,1977,1994,17
Agüero,,,,,,,,,,,,,,,,,,,,,,,,,,,,,,,,,,,,,,,,,,,,,,,,,,,,,,,,,Independiente,Independiente,Independiente,Atlético Madrid,Atlético Madrid,Atlético Madrid,Atlético Madrid,Atlético Madrid,Manchester City,Manchester City,Manchester City,Manchester City,Manchester City,Manchester City,Manchester City,Manchester City,Manchester City,Manchester City,Barcelona,retired,,,,2002,2022,20
Adriano,,,,,,,,,,,,,,,,,,,,,,,,,,,,,,,,,,,,,,,,,,,,,,,,,,,,,,Flamengo,Inter,Fiorentina,Parma,Inter,Inter,Inter,Inter,São Paulo,Flamengo,Roma,Corinthians,Flamengo,retired,,,,,,,,,,,,,1999,2013,14
Adebayor,,,,,,,,,,,,,,,,,,,,,,,,,,,,,,,,,,,,,,,,,,,,,,,,,,,,,,,Metz,Metz,Monaco,Monaco,Monaco,Arsenal,Arsenal,Arsenal,Manchester City,Manchester City,Tottenham,Tottenham,Tottenham,Tottenham,Tottenham,Crystal Palace,Instanbul Basaksehir,Instanbul Basaksehir,Kayserispor,Olimpia,retired,,,,,2000,2021,21
Abedi Pele,,,,,,,,,,,,,,,,,,,,,,,,,,,,,,,,,,Real Tamale United,Real Tamale United,Al Sadd,Zurich,Dragons FC de l'Ouémé,Real Tamale United,Chamois Niortais,Olympique Marselha,Lille,Olympique Marselha,Olympique Marselha,Olympique Marselha,Olympique Marselha,Lyon,Torino,Torino,1860 Munich,1860 Munich,Al Ain-EAU,Al Ain-EAU,retired,,,,,,,,,,,,,,,,,,,,,,,,,,1979,2000,21